street_address,city,state,zipCode,latitude,longitude,beds,rent_price/month,listed_date,property_link
"Apartment for rent - Moose Creek, 3397 Bellwood St #A2, North Pole, AK 99705",North Pole,AK,99705,64.71448,-147.16443,2,$1450.0,70 days ago,https://www.zillow.com/b/moose-creek-north-pole-ak-5XpKPx/
"Eielson Air Force Base - 663 Kodiak St, Eielson Afb, AK",Eielson Afb,AK,99702,64.679085,-147.08319,2/3/4/5,"$1,602+/$1,602+/$1,602+/$1,602+",,https://www.zillow.com/b/eielson-air-force-base-eielson-afb-ak-BLLhV4/
"Park Plaza - 201 E 16th Ave, Anchorage, AK",Anchorage,AK,99501,61.206375,-149.88052,1,"$1,150+",,https://www.zillow.com/b/park-plaza-anchorage-ak-5XrgTX/
"The Outlook Apartments - 234 E 15th Ave, Anchorage, AK",Anchorage,AK,99501,61.207287,-149.87996,1/2,"$1,195+/$1,475+",,https://www.zillow.com/b/the-outlook-apartments-anchorage-ak-5XnMqs/
"Park Plaza II - 1553 A St, Anchorage, AK",Anchorage,AK,99501,61.206474,-149.88274,0/1,"$1,520+/$1,715+",,https://www.zillow.com/b/park-plaza-ii-anchorage-ak-5Xmndn/
"North Haven Communities Fort Wainwright - 3401 Santiago Ave, Fort Wainwright, AK",Fort Wainwright,AK,99703,64.84162,-147.60965,3/4/5,"$1,833+/$1,833+/$1,833+",,https://www.zillow.com/b/north-haven-communities-fort-wainwright-fort-wainwright-ak-BLGyWy/
"Admirals Cove - 6029 Debarr Rd, Anchorage, AK",Anchorage,AK,99504,61.21004,-149.7683,2,"$1,775+",,https://www.zillow.com/b/admirals-cove-anchorage-ak-5XqYZY/
"La Maisonnette - 1340 W 26th Ave, Anchorage, AK",Anchorage,AK,99503,61.197315,-149.90945,1/2,"$1,500+/$1,600+",3D Tour,https://www.zillow.com/b/la-maisonnette-anchorage-ak-5XrZcY/
"Susitna Ridge - 1601 Medfra St, Anchorage, AK",Anchorage,AK,99501,61.205498,-149.85776,1/2,"$1,135+/$1,340+",,https://www.zillow.com/b/susitna-ridge-anchorage-ak-5Xrngv/
"The Highlands Luxury Residences - 2134 E 56th Ave, Anchorage, AK",Anchorage,AK,99507,61.16882,-149.84312,1/2,"$1,775+/$2,175+",3D Tour,https://www.zillow.com/b/the-highlands-luxury-residences-anchorage-ak-5XrL75/
"Birchwood Homes - 1066 Turnagin Loop, Fairbanks, AK",Fairbanks,AK,99701,64.84068,-147.65744,3/4,"$2,135+/$2,280+",,https://www.zillow.com/b/birchwood-homes-fairbanks-ak-5XrXRR/
"Chugach South - 9600 Morningside Loop, Anchorage, AK",Anchorage,AK,99515,61.13372,-149.86298,2,"$1,505+",,https://www.zillow.com/b/chugach-south-anchorage-ak-5XnDJG/
"Kings Court - 303 E 15th Ave, Anchorage, AK",Anchorage,AK,99501,61.20799,-149.87846,1/2,"$1,150+/$1,200+",,https://www.zillow.com/b/kings-court-anchorage-ak-5fvfm9/
"Timber Ridge - 13900 Old Glenn Hwy, Eagle River, AK",Eagle River,AK,99577,61.346497,-149.55362,1/2,"$1,325+/$1,575+",,https://www.zillow.com/b/timber-ridge-eagle-river-ak-5XqyBN/
"Strawberry Lane - 2001 W 80th Ave, Anchorage, AK",Anchorage,AK,99502,61.149555,-149.91739,2,"$1,445+",,https://www.zillow.com/b/strawberry-lane-anchorage-ak-5YJVMb/
"Terrace on the Lake - 2421 Bentzen Cir, Anchorage, AK",Anchorage,AK,99517,61.173668,-149.93013,0/1/2,"$1,140+/$1,240+/$1,515+",,https://www.zillow.com/b/terrace-on-the-lake-anchorage-ak-5XrJdK/
"Apartment for rent - 3903 Iowa Dr APT 5, Anchorage, AK 99517",Anchorage,AK,99517,61.184563,-149.92857,3,$1600.0,9 hours ago,https://www.zillow.com/homedetails/3903-Iowa-Dr-APT-5-Anchorage-AK-99517/2078942451_zpid/
"House for rent - 3491 Harrier Cir, Anchorage, AK 99504",Anchorage,AK,99504,61.189205,-149.74995,2,$1750.0,1 hour ago,https://www.zillow.com/homedetails/3491-Harrier-Cir-Anchorage-AK-99504/19640_zpid/
"Apartment for rent - 3560 W Dimond Blvd #A9, Anchorage, AK 99502",Anchorage,AK,99502,61.136074,-149.94589,2,$1425.0,14 hours ago,https://www.zillow.com/homedetails/3560-W-Dimond-Blvd-A9-Anchorage-AK-99502/2059292420_zpid/
"Apartment for rent - 4318 Checkmate Dr APT 19, Anchorage, AK 99508",Anchorage,AK,99508,61.18148,-149.78635,3,$1300.0,14 hours ago,https://www.zillow.com/homedetails/4318-Checkmate-Dr-APT-19-Anchorage-AK-99508/2085889040_zpid/
"House for rent - 831 Minuteman Loop, North Pole, AK 99705",North Pole,AK,99705,64.74557,-147.3585,3,$2200.0,1 day ago,https://www.zillow.com/homedetails/831-Minuteman-Loop-North-Pole-AK-99705/74500467_zpid/
"Townhouse for rent - 3042 Vfw St UNIT B, North Pole, AK 99705",North Pole,AK,99705,64.73082,-147.31189,1,$1200.0,1 day ago,https://www.zillow.com/homedetails/3042-Vfw-St-UNIT-B-North-Pole-AK-99705/2059097620_zpid/
"Townhouse for rent - 8050 Pioneer Dr, Anchorage, AK 99504",Anchorage,AK,99504,61.18444,-149.73212,3,$1900.0,2 days ago,https://www.zillow.com/homedetails/8050-Pioneer-Dr-Anchorage-AK-99504/130174740_zpid/
"Apartment for rent - 2501 Outside Blvd #3105, North Pole, AK 99705",North Pole,AK,99705,64.75426,-147.33176,0,$950.0,3 hours ago,https://www.zillow.com/homedetails/2501-Outside-Blvd-3105-North-Pole-AK-99705/2059142971_zpid/
"House for rent - 5606 E 40th Ave UNIT A104, Anchorage, AK 99504",Anchorage,AK,99504,61.184383,-149.77686,2,$1500.0,5 days ago,https://www.zillow.com/homedetails/5606-E-40th-Ave-UNIT-A104-Anchorage-AK-99504/18559_zpid/
"Townhouse for rent - 9331 Noblewood St APT A, Anchorage, AK 99502",Anchorage,AK,99502,61.135944,-149.93634,3,$2400.0,4 hours ago,https://www.zillow.com/homedetails/9331-Noblewood-St-APT-A-Anchorage-AK-99502/2067858623_zpid/
"House for rent - 20044 Pilots Rd, Chugiak, AK 99567",Chugiak,AK,99567,61.401527,-149.47142,1,$1775.0,2 days ago,https://www.zillow.com/homedetails/20044-Pilots-Rd-Chugiak-AK-99567/60976_zpid/
"Apartment for rent - 11507 Lower Sunny Cir #B, Eagle River, AK 99577",Eagle River,AK,99577,61.32443,-149.56499,2,$2100.0,1 day ago,https://www.zillow.com/homedetails/11507-Lower-Sunny-Cir-B-Eagle-River-AK-99577/2089567022_zpid/
"Apartment for rent - 908 E 45th Ct APT 4, Anchorage, AK 99503",Anchorage,AK,99503,61.17953,-149.8651,2,$1350.0,2 days ago,https://www.zillow.com/homedetails/908-E-45th-Ct-APT-4-Anchorage-AK-99503/2089922041_zpid/
"Apartment for rent - 8 Dailey Ave #8, Anchorage, AK 99515",Anchorage,AK,99515,61.10995,-149.87811,2,$2095.0,14 days ago,https://www.zillow.com/homedetails/8-Dailey-Ave-8-Anchorage-AK-99515/2059471670_zpid/
"Apartment for rent - 3246 Adams Dr APT 3, Fairbanks, AK 99709",Fairbanks,AK,99709,64.83441,-147.7919,2,$1550.0,4 days ago,https://www.zillow.com/homedetails/3246-Adams-Dr-APT-3-Fairbanks-AK-99709/2080920864_zpid/
"Apartment for rent - Second Street Apartments - 4, 604 2nd St, Fairbanks, AK 99701",Fairbanks,AK,99701,64.84432,-147.69554,3,$1500.0,5 days ago,https://www.zillow.com/b/second-street-apartments-4-fairbanks-ak-5XxqfT/
"Beaver Lake Apartments - 1315 - 2545 Mission Rd, North Pole, AK",North Pole,AK,99705,64.75291,-147.33058,1,"$1,100+",,https://www.zillow.com/b/beaver-lake-apartments-1315-north-pole-ak-5dsRbX/
"House for rent - 6469 Village Pkwy, Anchorage, AK 99504",Anchorage,AK,99504,61.188187,-149.76088,2,$1900.0,5 days ago,https://www.zillow.com/homedetails/6469-Village-Pkwy-Anchorage-AK-99504/2123625818_zpid/
"Apartment for rent - 3457 Old Richardson Hwy, North Pole, AK 99705",North Pole,AK,99705,64.71272,-147.16397,2,$1800.0,13 days ago,https://www.zillow.com/homedetails/3457-Old-Richardson-Hwy-North-Pole-AK-99705/74485416_zpid/
"Townhouse for rent - 909 W 40th Ave APT 3, Anchorage, AK 99503",Anchorage,AK,99503,61.184704,-149.90123,2,$1700.0,3 days ago,https://www.zillow.com/homedetails/909-W-40th-Ave-APT-3-Anchorage-AK-99503/2093812501_zpid/
"Apartment for rent - 7340 E 21st Ave APT A, Anchorage, AK 99504",Anchorage,AK,99504,61.201866,-149.74332,2,$1350.0,25 days ago,https://www.zillow.com/homedetails/7340-E-21st-Ave-APT-A-Anchorage-AK-99504/2075352182_zpid/
"Townhouse for rent - 705 Oconnor Rd UNIT 3, Fairbanks, AK 99701",Fairbanks,AK,99701,64.85622,-147.7241,3,$1750.0,8 days ago,https://www.zillow.com/homedetails/705-Oconnor-Rd-UNIT-3-Fairbanks-AK-99701/2060322241_zpid/
"The Phoenix Apartments - 9 - 2116 Fairbanks St, Anchorage, AK",Anchorage,AK,99503,61.2013,-149.87344,1/2,"$1,250+/$1,400+",,https://www.zillow.com/b/the-phoenix-apartments-8-anchorage-ak-5Y4xrS/
"Townhouse for rent - 2957 Wind Chase Ct, Anchorage, AK 99507",Anchorage,AK,99507,61.167313,-149.82742,3,$2200.0,9 days ago,https://www.zillow.com/homedetails/2957-Wind-Chase-Ct-Anchorage-AK-99507/2110347376_zpid/
"Townhouse for rent - 1320 Wake Forest Way APT 1, Fairbanks, AK 99709",Fairbanks,AK,99709,64.83668,-147.86485,3,$2000.0,3 days ago,https://www.zillow.com/homedetails/1320-Wake-Forest-Way-APT-1-Fairbanks-AK-99709/2091166048_zpid/
"Apartment for rent - 4620 Reka Dr APT B12, Anchorage, AK 99508",Anchorage,AK,99508,61.20415,-149.79498,1,$1250.0,24 days ago,https://www.zillow.com/homedetails/4620-Reka-Dr-APT-B12-Anchorage-AK-99508/10214_zpid/
"Apartment for rent - 401 East 8th Avenue - 4, 401 E 8th Ave, North Pole, AK 99705",North Pole,AK,99705,64.748405,-147.34064,2,$1650.0,18 days ago,https://www.zillow.com/b/401-east-8th-avenue-4-north-pole-ak-B8c6Tm/
"Apartment for rent - 5220 E 24th Ave #D, Anchorage, AK 99508",Anchorage,AK,99508,61.198685,-149.78358,2,$1200.0,17 days ago,https://www.zillow.com/homedetails/5220-E-24th-Ave-D-Anchorage-AK-99508/2059520910_zpid/
"House for rent - 4530 Wright St APT 2, Anchorage, AK 99507",Anchorage,AK,99507,61.17933,-149.82755,2,$1600.0,5 days ago,https://www.zillow.com/homedetails/4530-Wright-St-APT-2-Anchorage-AK-99507/21498_zpid/
"For Rent - 222 W 13th Ave, Anchorage, AK",Anchorage,AK,99501,61.20941,-149.88622,2,"$1,995+",3D Tour,https://www.zillow.com/b/222-w-13th-ave-anchorage-ak-5XkJY8/
"Apartment for rent - 1131 Redoubt Ave #1, Kenai, AK 99611",Kenai,AK,99611,60.57425,-151.27695,3,$1650.0,7 days ago,https://www.zillow.com/homedetails/1131-Redoubt-Ave-1-Kenai-AK-99611/2059246513_zpid/
"House for rent - 105 Cary Ave, North Pole, AK 99705",North Pole,AK,99705,64.75553,-147.35141,4,$2700.0,3D Tour,https://www.zillow.com/homedetails/105-Cary-Ave-North-Pole-AK-99705/74494618_zpid/
"For Rent - 8161B Williwa Ave, Anchorage, AK",Anchorage,AK,99504,61.189304,-149.72763,3,"$2,150+",30 days ago,"https://www.zillow.com/b/Anchorage-AK/61.189304,-149.72763_ll/"
"House for rent - 7330 White Hawk Dr, Anchorage, AK 99507",Anchorage,AK,99507,61.154434,-149.80826,3,$2750.0,11 days ago,https://www.zillow.com/homedetails/7330-White-Hawk-Dr-Anchorage-AK-99507/39985_zpid/
"3523 Hurst Rd - B - 3523 Hurst Rd, North Pole, AK",North Pole,AK,99705,64.76199,-147.28482,0,"$1,000+",,https://www.zillow.com/b/3523-hurst-rd-b-north-pole-ak-9PFd3P/
"House for rent - 8620 W Parks Hwy #10, Wasilla, AK 99623",Wasilla,AK,99623,61.571014,-149.66795,1,$1100.0,14 days ago,https://www.zillow.com/homedetails/8620-W-Parks-Hwy-10-Wasilla-AK-99623/2075208881_zpid/
"Apartment for rent - 1004 Ingra St APT 4, Anchorage, AK 99501",Anchorage,AK,99501,61.21197,-149.86713,2,$1125.0,15 days ago,https://www.zillow.com/homedetails/1004-Ingra-St-APT-4-Anchorage-AK-99501/2093537495_zpid/
"Apartment for rent - Mill Bay Townhomes, 1223 Mill Bay Rd, Kodiak, AK 99615",Kodiak,AK,99615,57.796906,-152.39203,2,$900.0,28 days ago,https://www.zillow.com/b/mill-bay-townhomes-kodiak-ak-9PFJSg/
"Apartment for rent - 1 bed, $1,125, 2620 E 42nd Ave APT 5, Anchorage, AK 99508",Anchorage,AK,99508,61.18235,-149.8317,1,$1125.0,41 days ago,"https://www.zillow.com/b/1-bed,-%241,125-anchorage-ak-5Y54mM/"
"House for rent - 1771 Dallas Dr, North Pole, AK 99705",North Pole,AK,99705,64.761116,-147.33011,3,$2050.0,35 days ago,https://www.zillow.com/homedetails/1771-Dallas-Dr-North-Pole-AK-99705/2084995723_zpid/
"Townhouse for rent - 1576 E St, Anchorage, AK 99501",Anchorage,AK,99501,61.206207,-149.892,3,$2150.0,8 days ago,https://www.zillow.com/homedetails/1576-E-St-Anchorage-AK-99501/3834_zpid/
"Apartment for rent - 2 bed, 900 sqft, $1,495, 825 N Klevin St APT 3, Anchorage, AK 99508",Anchorage,AK,99508,61.23094,-149.80447,2,$1495.0,35 days ago,"https://www.zillow.com/b/2-bed,-900-sqft,-%241,495-anchorage-ak-5Xqt2t/"
"House for rent - 123 Leibrock Cir, Soldotna, AK 99669",Soldotna,AK,99669,60.488655,-151.07654,3,$2400.0,10 days ago,https://www.zillow.com/homedetails/123-Leibrock-Cir-Soldotna-AK-99669/84407711_zpid/
"House for rent - 3645 Knik Ave, Anchorage, AK 99517",Anchorage,AK,99517,61.196903,-149.95392,3,$2700.0,21 days ago,https://www.zillow.com/homedetails/3645-Knik-Ave-Anchorage-AK-99517/2279_zpid/
"Apartment for rent - Turnagain Place Apartments, 2451 W 27th Ave, Anchorage, AK 99517",Anchorage,AK,99517,61.19634,-149.93173,1,$748.0,28 days ago,https://www.zillow.com/b/turnagain-place-apartments-anchorage-ak-9VmFfX/
"Apartment for rent - 2 bed, 700 sqft, $1,295, 2480 Sentry Dr APT 5, Anchorage, AK 99507",Anchorage,AK,99507,61.13496,-149.83484,2,$1295.0,32 days ago,https://www.zillow.com/b/2480-sentry-drive-anchorage-ak-5ZYbrW/
"Apartment for rent - 205 E 12th Ave #1, Anchorage, AK 99501",Anchorage,AK,99501,61.21094,-149.88086,2,$1750.0,34 days ago,https://www.zillow.com/homedetails/205-E-12th-Ave-1-Anchorage-AK-99501/2060977619_zpid/
"House for rent - 478 Steamboat Landing Rd, North Pole, AK 99705",North Pole,AK,99705,64.84623,-147.33163,2,$1900.0,29 days ago,https://www.zillow.com/homedetails/478-Steamboat-Landing-Rd-North-Pole-AK-99705/90663288_zpid/
"House for rent - 3517 Vintage Cir, Anchorage, AK 99517",Anchorage,AK,99517,61.18845,-149.93845,4,$3500.0,21 days ago,https://www.zillow.com/homedetails/3517-Vintage-Cir-Anchorage-AK-99517/25009_zpid/
"545 E. 11th Ave. - 545 E 11th Ave, Anchorage, AK",Anchorage,AK,99501,61.21193,-149.87343,1/3,"$1,295+/$1,895+",,https://www.zillow.com/b/545-e.-11th-ave.-anchorage-ak-9Vm8m4/
"For Rent - 3725 E 43rd Pl, Anchorage, AK",Anchorage,AK,99508,61.182205,-149.81166,1,"$1,830+",43 days ago,https://www.zillow.com/b/3725-e-43rd-pl-anchorage-ak-9VmDWw/
"House for rent - 35722 Sterling Hwy, Sterling, AK 99672",Sterling,AK,99672,60.538174,-150.81541,5,$2500.0,32 days ago,https://www.zillow.com/homedetails/35722-Sterling-Hwy-Sterling-AK-99672/223315673_zpid/
"For Rent - 505 W 2nd Ave, Anchorage, AK",Anchorage,AK,99501,61.220818,-149.8918,1,"$1,600+",43 days ago,https://www.zillow.com/b/505-w-2nd-ave-anchorage-ak-5Y2YRs/
"Townhouse for rent - 1357 Northbluff Dr, Anchorage, AK 99501",Anchorage,AK,99501,61.228775,-149.85672,3,$2500.0,21 days ago,https://www.zillow.com/homedetails/1357-Northbluff-Dr-Anchorage-AK-99501/112345074_zpid/
"House for rent - 22324 Shadowy Spruce Dr, Chugiak, AK 99567",Chugiak,AK,99567,61.422203,-149.44888,4,$3000.0,3D Tour,https://www.zillow.com/homedetails/22324-Shadowy-Spruce-Dr-Chugiak-AK-99567/62582_zpid/
"Apartment for rent - 1587 Primrose St #A, Anchorage, AK 99508",Anchorage,AK,99508,61.206264,-149.8097,3,$1875.0,18 days ago,https://www.zillow.com/homedetails/1587-Primrose-St-A-Anchorage-AK-99508/2060395211_zpid/
"House for rent - 821 P St, Anchorage, AK 99501",Anchorage,AK,99501,61.214413,-149.91165,1,$1395.0,32 days ago,https://www.zillow.com/homedetails/821-P-St-Anchorage-AK-99501/2130028965_zpid/
"House for rent - 6703 Snow Goose Cir, Anchorage, AK 99502",Anchorage,AK,99502,61.1603,-149.96361,3,$2995.0,18 days ago,https://www.zillow.com/homedetails/6703-Snow-Goose-Cir-Anchorage-AK-99502/82589086_zpid/
"Apartment for rent - 771 Rifle Rd APT 7, Fairbanks, AK 99712",Fairbanks,AK,99712,64.89313,-147.46587,2,$1600.0,1 day ago,https://www.zillow.com/homedetails/771-Rifle-Rd-APT-7-Fairbanks-AK-99712/2083135257_zpid/
"Apartment for rent - 2 bed, 1.5 bath, 824 sqft, $1,500, 3804 Indiana St, Anchorage, AK 99503",Anchorage,AK,99503,61.18557,-149.90031,2,$1500.0,20 days ago,https://www.zillow.com/homedetails/3804-Indiana-St-Anchorage-AK-99503/82587496_zpid/
"Apartment for rent - 3125 E Beech Way #6, Wasilla, AK 99654",Wasilla,AK,99654,61.580906,-149.37202,1,$900.0,50 days ago,https://www.zillow.com/homedetails/3125-E-Beech-Way-6-Wasilla-AK-99654/2060266086_zpid/
"House for rent - 6967 Penny Rose Cir, Anchorage, AK 99502",Anchorage,AK,99502,61.14795,-150.00862,5,$5000.0,8 days ago,https://www.zillow.com/homedetails/6967-Penny-Rose-Cir-Anchorage-AK-99502/82586843_zpid/
"Nest Apartments-JC - 400 Cushman St, Fairbanks, AK",Fairbanks,AK,99701,64.84211,-147.72086,0,"$1,000+",3D Tour,https://www.zillow.com/b/nest-apartments-jc-fairbanks-ak-9PFY2k/
"Apartment for rent - 836 M St APT 206, Anchorage, AK 99501",Anchorage,AK,99501,61.21425,-149.90605,1,$2000.0,38 days ago,https://www.zillow.com/homedetails/836-M-St-APT-206-Anchorage-AK-99501/191_zpid/
"House for rent - 34900 Poppy Wood St, Soldotna, AK 99669",Soldotna,AK,99669,60.486687,-151.1828,3,$2350.0,17 days ago,https://www.zillow.com/homedetails/34900-Poppy-Wood-St-Soldotna-AK-99669/81603685_zpid/
"Apartment for rent - 746 E 73rd Ave #4, Anchorage, AK 99518",Anchorage,AK,99518,61.154396,-149.86806,2,$1500.0,6 days ago,https://www.zillow.com/homedetails/746-E-73rd-Ave-4-Anchorage-AK-99518/2060795819_zpid/
"Apartment for rent - 833 W 19th Ave, Anchorage, AK 99503",Anchorage,AK,99503,61.203583,-149.89842,2,$1795.0,116 days ago,https://www.zillow.com/homedetails/833-W-19th-Ave-Anchorage-AK-99503/2100531133_zpid/
"For Rent - 2107 Jefferson Ave, Anchorage, AK",Anchorage,AK,99517,61.182777,-149.92047,1/2,"$1,200+/$1,350+",116 days ago,https://www.zillow.com/b/2107-jefferson-ave-anchorage-ak-5fvgJz/
"Apartment for rent - 2 bed, $1,600, 709 Oconnor Rd #3, Fairbanks, AK 99701",Fairbanks,AK,99701,64.856346,-147.7245,2,$1600.0,60 days ago,"https://www.zillow.com/b/2-bed,-%241,600-fairbanks-ak-9PFYbY/"
"Apartment for rent - 3483 Rewak Dr #S, Fairbanks, AK 99709",Fairbanks,AK,99709,64.834816,-147.80675,0,$1395.0,3D Tour,https://www.zillow.com/homedetails/3483-Rewak-Dr-S-Fairbanks-AK-99709/2066442419_zpid/
"Apartment for rent - 7031 Weimer Rd, 7031 Weimer Rd, Anchorage, AK 99502",Anchorage,AK,99502,61.157127,-149.9486,1,$1300.0,36 days ago,https://www.zillow.com/b/7031-weimer-rd-anchorage-ak-9PDTSh/
"3579 Old Richardson Hwy - 3579 Old Richardson Hwy, North Pole, AK",North Pole,AK,99705,64.70698,-147.14539,1,"$1,200+",,https://www.zillow.com/b/3579-old-richardson-hwy-north-pole-ak-9PFd5w/
"House for rent - 20768 Mountain Vista Dr, Eagle River, AK 99577",Eagle River,AK,99577,61.3018,-149.49501,3,$2950.0,14 hours ago,https://www.zillow.com/homedetails/20768-Mountain-Vista-Dr-Eagle-River-AK-99577/88892800_zpid/
"Apartment for rent - 6456 S Wassim Cir, Wasilla, AK 99623",Wasilla,AK,99623,61.506786,-149.6471,2,$1400.0,17 hours ago,https://www.zillow.com/homedetails/6456-S-Wassim-Cir-Wasilla-AK-99623/2071115420_zpid/
"Apartment for rent - 801 N Bliss St #1, Anchorage, AK 99508",Anchorage,AK,99508,61.230553,-149.79477,2,$1500.0,22 hours ago,https://www.zillow.com/homedetails/801-N-Bliss-St-1-Anchorage-AK-99508/2059092310_zpid/
"House for rent - 121 Telemark Way, Girdwood, AK 99587",Girdwood,AK,99587,60.951084,-149.1654,1,$1850.0,22 hours ago,https://www.zillow.com/homedetails/121-Telemark-Way-Girdwood-AK-99587/63992_zpid/
"Apartment for rent - 1441 W 26th Ave UNIT B2, Anchorage, AK 99503",Anchorage,AK,99503,61.197586,-149.91158,2,$2000.0,11 hours ago,https://www.zillow.com/homedetails/1441-W-26th-Ave-UNIT-B2-Anchorage-AK-99503/59762489_zpid/
"Apartment for rent - 3305 Cope St #A, Anchorage, AK 99503",Anchorage,AK,99503,61.19023,-149.90213,2,$2500.0,1 day ago,https://www.zillow.com/homedetails/3305-Cope-St-A-Anchorage-AK-99503/2066988553_zpid/
"Apartment for rent - (undisclosed Address), North Pole, AK 99705",North Pole,AK,99705,,,1,$1400.0,1 day ago,https://www.zillow.com/homedetails/North-Pole-AK-99705/2059102910_zpid/
"Apartment for rent - (undisclosed Address), Anchorage, AK 99508",Anchorage,AK,99508,,,2,$1850.0,18 hours ago,https://www.zillow.com/homedetails/Anchorage-AK-99508/2065736462_zpid/
"Apartment for rent - 9364 Morningside Loop, Anchorage, AK 99515",Anchorage,AK,99515,61.13351,-149.85846,2,$1800.0,2 days ago,https://www.zillow.com/homedetails/9364-Morningside-Loop-Anchorage-AK-99515/2077783517_zpid/
"House for rent - 12432 Crested Butte Dr, Eagle River, AK 99577",Eagle River,AK,99577,61.33281,-149.58008,3,$2600.0,2 days ago,https://www.zillow.com/homedetails/12432-Crested-Butte-Dr-Eagle-River-AK-99577/55397_zpid/
"Apartment for rent - 3954 Bartlett St APT A, Homer, AK 99603",Homer,AK,99603,59.64739,-151.54906,2,$1550.0,4 days ago,https://www.zillow.com/homedetails/3954-Bartlett-St-APT-A-Homer-AK-99603/2062275737_zpid/
"Apartment for rent - 5304 Cope St #4, Anchorage, AK 99518",Anchorage,AK,99518,61.17203,-149.90274,2,$2500.0,5 days ago,https://www.zillow.com/homedetails/5304-Cope-St-4-Anchorage-AK-99518/2067767917_zpid/
"Apartment for rent - 112 Alex Hatley Dr #A, Bethel, AK 99559",Bethel,AK,99559,60.78718,-161.81139,0,$1327.0,5 days ago,https://www.zillow.com/homedetails/112-Alex-Hatley-Dr-A-Bethel-AK-99559/2080561879_zpid/
"Apartment for rent - 1715 Roberts Rd #2, Fairbanks, AK 99709",Fairbanks,AK,99709,64.83315,-147.81892,3,$2000.0,6 days ago,https://www.zillow.com/homedetails/1715-Roberts-Rd-2-Fairbanks-AK-99709/2059166376_zpid/
"Apartment for rent - 8640 E 10th Ave APT A, Anchorage, AK 99504",Anchorage,AK,99504,61.213085,-149.71875,2,$1350.0,2 days ago,https://www.zillow.com/homedetails/8640-E-10th-Ave-APT-A-Anchorage-AK-99504/2087475287_zpid/
"Apartment for rent - 892 Agnes Ln #A, North Pole, AK 99705",North Pole,AK,99705,64.827675,-147.38824,2,$1375.0,8 days ago,https://www.zillow.com/homedetails/892-Agnes-Ln-A-North-Pole-AK-99705/2076645338_zpid/
"Apartment for rent - (undisclosed Address), North Pole, AK 99705",North Pole,AK,99705,,,2,$1525.0,7 days ago,https://www.zillow.com/homedetails/North-Pole-AK-99705/251178503_zpid/
"Townhouse for rent - 1336 W 23rd Ave UNIT 210, Anchorage, AK 99503",Anchorage,AK,99503,61.1991,-149.90857,0,$1145.0,53 days ago,https://www.zillow.com/homedetails/1336-W-23rd-Ave-UNIT-210-Anchorage-AK-99503/2059554488_zpid/
"For Rent - 1300 W 7th Ave, Anchorage, AK",Anchorage,AK,99501,61.21545,-149.90778,2,"$2,800+",13 days ago,https://www.zillow.com/b/west-bluff-condominiums-anchorage-ak-5Xnzyf/
"Apartment for rent - 2900 Borland Dr #B, Anchorage, AK 99517",Anchorage,AK,99517,61.182888,-149.93756,1,$1300.0,3 days ago,https://www.zillow.com/homedetails/2900-Borland-Dr-B-Anchorage-AK-99517/2061650873_zpid/
"Apartment for rent - 3320 Max Cir APT 2, Anchorage, AK 99507",Anchorage,AK,99507,61.17748,-149.81786,2,$1625.0,6 days ago,https://www.zillow.com/homedetails/3320-Max-Cir-APT-2-Anchorage-AK-99507/2094237955_zpid/
"Apartment for rent - 8641 Brookway Cir #2, Anchorage, AK 99504",Anchorage,AK,99504,61.19261,-149.7194,1,$1475.0,16 days ago,https://www.zillow.com/homedetails/8641-Brookway-Cir-2-Anchorage-AK-99504/2079712949_zpid/
"For Rent - 800 15th Ave, Fairbanks, AK",Fairbanks,AK,99701,64.83435,-147.7231,2,"$1,500+",22 days ago,"https://www.zillow.com/b/Fairbanks-AK/64.83435,-147.7231_ll/"
"For Rent - 524 E 11th Ave, Anchorage, AK",Anchorage,AK,99501,61.21138,-149.87422,0/1,"$995+/$1,025+",12 days ago,https://www.zillow.com/b/524-e-11th-ave-anchorage-ak-5XnLtV/
"Apartment for rent - 3483 Rewak Dr #3, Fairbanks, AK 99709",Fairbanks,AK,99709,64.834816,-147.80672,2,$1895.0,4 days ago,https://www.zillow.com/homedetails/3483-Rewak-Dr-3-Fairbanks-AK-99709/2101308141_zpid/
"Apartment for rent - 8020 Huckleberry St #1, Anchorage, AK 99502",Anchorage,AK,99502,61.147755,-149.94855,3,$2000.0,6 days ago,https://www.zillow.com/homedetails/8020-Huckleberry-St-1-Anchorage-AK-99502/2089068563_zpid/
"Townhouse for rent - 1810 E 72nd Ave #A, Anchorage, AK 99507",Anchorage,AK,99507,61.155277,-149.84956,3,$1800.0,3 days ago,https://www.zillow.com/homedetails/1810-E-72nd-Ave-A-Anchorage-AK-99507/2059108796_zpid/
"Apartment for rent - 8361 E 5th Ave #A, Anchorage, AK 99504",Anchorage,AK,99504,61.217884,-149.7242,2,$2700.0,11 days ago,https://www.zillow.com/homedetails/8361-E-5th-Ave-A-Anchorage-AK-99504/2088397918_zpid/
"Apartment for rent - 647 E 74th Ave #1, Anchorage, AK 99518",Anchorage,AK,99518,61.154022,-149.86992,2,$1700.0,10 days ago,https://www.zillow.com/homedetails/647-E-74th-Ave-1-Anchorage-AK-99518/2066806412_zpid/
"Apartment for rent - 2510 Sentry Dr APT 302, Anchorage, AK 99507",Anchorage,AK,99507,61.13403,-149.83524,2,$1395.0,4 days ago,https://www.zillow.com/homedetails/2510-Sentry-Dr-APT-302-Anchorage-AK-99507/2107463773_zpid/
"House for rent - 147 S Campbell Ct, Palmer, AK 99645",Palmer,AK,99645,61.605766,-149.12706,3,$1900.0,5 days ago,https://www.zillow.com/homedetails/147-S-Campbell-Ct-Palmer-AK-99645/90685095_zpid/
"House for rent - (undisclosed Address), Anchorage, AK 99517",Anchorage,AK,99517,,,1,$1650.0,6 days ago,https://www.zillow.com/homedetails/Anchorage-AK-99517/1749_zpid/
"Apartment for rent - (undisclosed Address), Anchorage, AK 99504",Anchorage,AK,99504,,,3,$1500.0,14 days ago,https://www.zillow.com/homedetails/Anchorage-AK-99504/2103206936_zpid/
"Townhouse for rent - 11942 Regency Dr, Eagle River, AK 99577",Eagle River,AK,99577,61.32868,-149.5806,3,$1950.0,6 days ago,https://www.zillow.com/homedetails/11942-Regency-Dr-Eagle-River-AK-99577/55911_zpid/
"Apartment for rent - 7447 Jewel Lake Rd APT 1, Anchorage, AK 99502",Anchorage,AK,99502,61.153015,-149.95096,3,$1425.0,11 days ago,https://www.zillow.com/homedetails/7447-Jewel-Lake-Rd-APT-1-Anchorage-AK-99502/2086927821_zpid/
"House for rent - 2635 Carroll Pl, Anchorage, AK 99508",Anchorage,AK,99508,61.196507,-149.78252,1,$1700.0,23 hours ago,https://www.zillow.com/homedetails/2635-Carroll-Pl-Anchorage-AK-99508/15946_zpid/
"Apartment for rent - 1020 Friendly Ln #2, Anchorage, AK 99504",Anchorage,AK,99504,61.212753,-149.72809,3,$2100.0,14 days ago,https://www.zillow.com/homedetails/1020-Friendly-Ln-2-Anchorage-AK-99504/2060585590_zpid/
"Apartment for rent - 133 Roxie Rd UNIT D, Fairbanks, AK 99709",Fairbanks,AK,99709,64.86191,-147.91328,2,$1700.0,19 days ago,https://www.zillow.com/homedetails/133-Roxie-Rd-UNIT-D-Fairbanks-AK-99709/2063420166_zpid/
"Apartment for rent - 9715 Independence Dr #107, Anchorage, AK 99507",Anchorage,AK,99507,61.133038,-149.84172,1,$1850.0,15 days ago,https://www.zillow.com/homedetails/9715-Independence-Dr-107-Anchorage-AK-99507/2059488430_zpid/
"Apartment for rent - 3901 E 9th Ave APT 4, Anchorage, AK 99508",Anchorage,AK,99508,61.214127,-149.8077,2,$1625.0,14 days ago,https://www.zillow.com/homedetails/3901-E-9th-Ave-APT-4-Anchorage-AK-99508/2060505499_zpid/
"Apartment for rent - 7740 Mayfair Dr APT B, Anchorage, AK 99502",Anchorage,AK,99502,61.150806,-149.91914,2,$1535.0,13 days ago,https://www.zillow.com/homedetails/7740-Mayfair-Dr-APT-B-Anchorage-AK-99502/2059487153_zpid/
"Apartment for rent - 2121 Free Wright Ln #1, North Pole, AK 99705",North Pole,AK,99705,64.772095,-147.34311,2,$1500.0,9 days ago,https://www.zillow.com/homedetails/2121-Free-Wright-Ln-1-North-Pole-AK-99705/2059829790_zpid/
"House for rent - 5831 Jordan Cir, Anchorage, AK 99504",Anchorage,AK,99504,61.182465,-149.77185,3,$2800.0,5 days ago,https://www.zillow.com/homedetails/5831-Jordan-Cir-Anchorage-AK-99504/18737_zpid/
"Townhouse for rent - 3853 W 74th Ave UNIT A, Anchorage, AK 99502",Anchorage,AK,99502,61.154503,-149.95049,3,$2050.0,3 days ago,https://www.zillow.com/homedetails/3853-W-74th-Ave-UNIT-A-Anchorage-AK-99502/2059107979_zpid/
"Apartment for rent - 824 W 25th Ave #2, Anchorage, AK 99503",Anchorage,AK,99503,61.197735,-149.89911,2,$1400.0,4 days ago,https://www.zillow.com/homedetails/824-W-25th-Ave-2-Anchorage-AK-99503/2060722292_zpid/
"Apartment for rent - 524 Craig Ave #3, Fairbanks, AK 99701",Fairbanks,AK,99701,64.84788,-147.67035,2,$1350.0,13 days ago,https://www.zillow.com/homedetails/524-Craig-Ave-3-Fairbanks-AK-99701/2059349791_zpid/
"Apartment for rent - 1316 Karluk St #4, Anchorage, AK 99501",Anchorage,AK,99501,61.209267,-149.86342,2,$1400.0,16 days ago,https://www.zillow.com/homedetails/1316-Karluk-St-4-Anchorage-AK-99501/2059516783_zpid/
"Apartment for rent - 33840 Gas Well Rd #2, Soldotna, AK 99669",Soldotna,AK,99669,60.471058,-151.17015,3,$1550.0,13 days ago,https://www.zillow.com/homedetails/33840-Gas-Well-Rd-2-Soldotna-AK-99669/2078751072_zpid/
"Apartment for rent - 6313 E 32nd Ave, Anchorage, AK 99504",Anchorage,AK,99504,61.191875,-149.76294,2,$1600.0,17 days ago,https://www.zillow.com/homedetails/6313-E-32nd-Ave-Anchorage-AK-99504/2112033892_zpid/
"Townhouse for rent - 461 Falke Ct, Anchorage, AK 99504",Anchorage,AK,99504,61.217155,-149.75722,3,$2550.0,10 days ago,https://www.zillow.com/homedetails/461-Falke-Ct-Anchorage-AK-99504/82587053_zpid/
"Apartment for rent - 5402 W Dimond Blvd APT 4, Anchorage, AK 99502",Anchorage,AK,99502,61.137733,-149.98186,2,$2700.0,18 days ago,https://www.zillow.com/homedetails/5402-W-Dimond-Blvd-APT-4-Anchorage-AK-99502/2073185175_zpid/
"Apartment for rent - 4309 Wisconsin St #5, Anchorage, AK 99517",Anchorage,AK,99517,61.181446,-149.94112,2,$1450.0,11 days ago,https://www.zillow.com/homedetails/4309-Wisconsin-St-5-Anchorage-AK-99517/2059283128_zpid/
"Apartment for rent - 810 W 25th Ave #5, Anchorage, AK 99503",Anchorage,AK,99503,61.197735,-149.89882,2,$1400.0,4 days ago,https://www.zillow.com/homedetails/810-W-25th-Ave-5-Anchorage-AK-99503/2079034987_zpid/
"Apartment for rent - 1220 E 16th Ave UNIT 6, Anchorage, AK 99501",Anchorage,AK,99501,61.20593,-149.85986,2,$2100.0,14 days ago,https://www.zillow.com/homedetails/1220-E-16th-Ave-UNIT-6-Anchorage-AK-99501/4707_zpid/
"Apartment for rent - 2300 E 49th Ct APT 6, Anchorage, AK 99507",Anchorage,AK,99507,61.176067,-149.83705,2,$1350.0,15 days ago,https://www.zillow.com/homedetails/2300-E-49th-Ct-APT-6-Anchorage-AK-99507/2105435455_zpid/
"House for rent - 45678 Davison Ave, Kenai, AK 99611",Kenai,AK,99611,60.51269,-151.10957,2,$2200.0,7 days ago,https://www.zillow.com/homedetails/45678-Davison-Ave-Kenai-AK-99611/223309659_zpid/
"Apartment for rent - (undisclosed Address), Anchorage, AK 99508",Anchorage,AK,99508,,,2,$1500.0,16 days ago,https://www.zillow.com/homedetails/Anchorage-AK-99508/2059515514_zpid/
"Apartment for rent - 101 W 13th Ave UNIT 104, Anchorage, AK 99501",Anchorage,AK,99501,61.209816,-149.88318,2,$2500.0,25 days ago,https://www.zillow.com/homedetails/101-W-13th-Ave-UNIT-104-Anchorage-AK-99501/82585029_zpid/
"Apartment for rent - (undisclosed Address), Wasilla, AK 99654",Wasilla,AK,99654,,,2,$1600.0,16 days ago,https://www.zillow.com/homedetails/Wasilla-AK-99654/2100135212_zpid/
"Apartment for rent - 1507 W 47th Ave APT C, Anchorage, AK 99503",Anchorage,AK,99503,61.178024,-149.91191,2,$1800.0,32 days ago,https://www.zillow.com/homedetails/1507-W-47th-Ave-APT-C-Anchorage-AK-99503/2076997790_zpid/
"House for rent - 6953 S Hood Ct, Wasilla, AK 99623",Wasilla,AK,99623,61.499386,-149.66086,4,$2600.0,26 days ago,https://www.zillow.com/homedetails/6953-S-Hood-Ct-Wasilla-AK-99623/127128819_zpid/
"House for rent - 1424 W 11th Ave, Anchorage, AK 99501",Anchorage,AK,99501,61.211384,-149.91095,3,$3499.0,13 days ago,https://www.zillow.com/homedetails/1424-W-11th-Ave-Anchorage-AK-99501/765_zpid/
"Apartment for rent - 1741 Beaver Pl APT 4, Anchorage, AK 99504",Anchorage,AK,99504,61.204395,-149.76192,3,$1800.0,20 days ago,https://www.zillow.com/homedetails/1741-Beaver-Pl-APT-4-Anchorage-AK-99504/2102994496_zpid/
"Apartment for rent - 712 W 47th Ave APT 3, Anchorage, AK 99503",Anchorage,AK,99503,61.17745,-149.89677,2,$1500.0,18 days ago,https://www.zillow.com/homedetails/712-W-47th-Ave-APT-3-Anchorage-AK-99503/2079761136_zpid/
"Apartment for rent - 6342 E 16th Ave #2, Anchorage, AK 99504",Anchorage,AK,99504,61.205933,-149.7619,2,$1995.0,14 days ago,https://www.zillow.com/homedetails/6342-E-16th-Ave-2-Anchorage-AK-99504/2060588809_zpid/
"Townhouse for rent - 3029 Telequana Dr, Anchorage, AK 99517",Anchorage,AK,99517,61.193035,-149.9563,4,$2500.0,2 days ago,https://www.zillow.com/homedetails/3029-Telequana-Dr-Anchorage-AK-99517/23937_zpid/
"Townhouse for rent - 761 N Kimberly St UNIT B, Wasilla, AK 99654",Wasilla,AK,99654,61.586933,-149.50127,3,$1600.0,20 days ago,https://www.zillow.com/homedetails/761-N-Kimberly-St-UNIT-B-Wasilla-AK-99654/2059570033_zpid/
"House for rent - 2221 Olympic Dr, Anchorage, AK 99515",Anchorage,AK,99515,61.13228,-149.92078,4,$2599.0,13 days ago,https://www.zillow.com/homedetails/2221-Olympic-Dr-Anchorage-AK-99515/36408_zpid/
"Apartment for rent - 2787 Sherwood Ln #105, Juneau, AK 99801",Juneau,AK,99801,58.371544,-134.61604,2,$2500.0,15 days ago,https://www.zillow.com/homedetails/2787-Sherwood-Ln-105-Juneau-AK-99801/2069351229_zpid/
"Apartment for rent - 3005 S Donovan Ct, Wasilla, AK 99623",Wasilla,AK,99623,61.548878,-149.54431,2,$1375.0,22 days ago,https://www.zillow.com/homedetails/3005-S-Donovan-Ct-Wasilla-AK-99623/2078486900_zpid/
"House for rent - 412 Napakiak Dr, Bethel, AK 99559",Bethel,AK,99559,60.794643,-161.7802,2,$1400.0,22 days ago,https://www.zillow.com/homedetails/412-Napakiak-Dr-Bethel-AK-99559/2085701463_zpid/
"Apartment for rent - 2360 Sea Lyon Dr #A1, North Pole, AK 99705",North Pole,AK,99705,64.76192,-147.34161,1,$1700.0,6 days ago,https://www.zillow.com/homedetails/2360-Sea-Lyon-Dr-A1-North-Pole-AK-99705/2060188175_zpid/
"House for rent - 918 W 19th Ave, Anchorage, AK 99503",Anchorage,AK,99503,61.203175,-149.90074,2,$1800.0,11 hours ago,https://www.zillow.com/homedetails/918-W-19th-Ave-Anchorage-AK-99503/2068649330_zpid/
"House for rent - 1250 S Bodenburg Loop, Palmer, AK 99645",Palmer,AK,99645,61.556114,-149.0439,0,$1400.0,18 days ago,https://www.zillow.com/homedetails/1250-S-Bodenburg-Loop-Palmer-AK-99645/90690564_zpid/
"House for rent - 5401 W Limberlost Ave, Wasilla, AK 99623",Wasilla,AK,99623,61.548595,-149.58862,3,$1900.0,21 days ago,https://www.zillow.com/homedetails/5401-W-Limberlost-Ave-Wasilla-AK-99623/219477338_zpid/
"Townhouse for rent - 6948 Cape Lisburne Loop, Anchorage, AK 99504",Anchorage,AK,99504,61.190933,-149.75023,3,$2400.0,28 days ago,https://www.zillow.com/homedetails/6948-Cape-Lisburne-Loop-Anchorage-AK-99504/19433_zpid/
"Townhouse for rent - 8001 Little Dipper Ave UNIT A, Anchorage, AK 99504",Anchorage,AK,99504,61.19122,-149.73131,3,$2350.0,15 days ago,https://www.zillow.com/homedetails/8001-Little-Dipper-Ave-UNIT-A-Anchorage-AK-99504/2114934086_zpid/
"Apartment for rent - 415 D St APT 5, Anchorage, AK 99501",Anchorage,AK,99501,61.218216,-149.88925,0,$1100.0,22 days ago,https://www.zillow.com/homedetails/415-D-St-APT-5-Anchorage-AK-99501/2059765622_zpid/
"Townhouse for rent - 1571 Nelchina St APT B10, Anchorage, AK 99501",Anchorage,AK,99501,61.20664,-149.85645,3,$2400.0,13 days ago,https://www.zillow.com/homedetails/1571-Nelchina-St-APT-B10-Anchorage-AK-99501/4740_zpid/
"Apartment for rent - 3011B Clinton Dr, Juneau, AK 99801",Juneau,AK,99801,58.370827,-134.59985,2,$2200.0,28 days ago,https://www.zillow.com/homedetails/3011B-Clinton-Dr-Juneau-AK-99801/2059889337_zpid/
"House for rent - 7277 E Jim Cottrell Cir, Palmer, AK 99645",Palmer,AK,99645,61.57662,-149.2677,3,$2195.0,5 days ago,https://www.zillow.com/homedetails/7277-E-Jim-Cottrell-Cir-Palmer-AK-99645/2061349098_zpid/
"House for rent - 25822 Berryhill Rd, Eagle River, AK 99577",Eagle River,AK,99577,61.290066,-149.3995,3,$2550.0,24 days ago,https://www.zillow.com/homedetails/25822-Berryhill-Rd-Eagle-River-AK-99577/68020024_zpid/
"Apartment for rent - 8010 Greenwood St APT 2, Anchorage, AK 99518",Anchorage,AK,99518,61.14798,-149.85892,1,$1300.0,1 day ago,https://www.zillow.com/homedetails/8010-Greenwood-St-APT-2-Anchorage-AK-99518/2060270802_zpid/
"Apartment for rent - 400 W 11th Ave APT 4, Anchorage, AK 99501",Anchorage,AK,99501,61.21138,-149.88951,1,$950.0,26 days ago,https://www.zillow.com/homedetails/400-W-11th-Ave-APT-4-Anchorage-AK-99501/2095062511_zpid/
"Townhouse for rent - 895 E Susitna Ave UNIT 3, Wasilla, AK 99654",Wasilla,AK,99654,61.57913,-149.42857,3,$2079.0,18 days ago,https://www.zillow.com/homedetails/895-E-Susitna-Ave-UNIT-3-Wasilla-AK-99654/2093515902_zpid/
"House for rent - 8120 Lamplighter Ct, Anchorage, AK 99502",Anchorage,AK,99502,61.14611,-149.91785,3,$1950.0,31 days ago,https://www.zillow.com/homedetails/8120-Lamplighter-Ct-Anchorage-AK-99502/36705_zpid/
"House for rent - 1323 W 13th Ave, Anchorage, AK 99501",Anchorage,AK,99501,61.209797,-149.90877,2,$2000.0,30 days ago,https://www.zillow.com/homedetails/1323-W-13th-Ave-Anchorage-AK-99501/2059958166_zpid/
"Apartment for rent - 3720 Young St #A, Anchorage, AK 99508",Anchorage,AK,99508,61.186512,-149.84084,3,$3000.0,20 days ago,https://www.zillow.com/homedetails/3720-Young-St-A-Anchorage-AK-99508/2078333248_zpid/
"Apartment for rent - 843 W 11th Ave APT 210, Anchorage, AK 99501",Anchorage,AK,99501,61.211796,-149.89848,0,$1000.0,15 days ago,https://www.zillow.com/homedetails/843-W-11th-Ave-APT-210-Anchorage-AK-99501/527_zpid/
"House for rent - 2315 Culver Pl, Anchorage, AK 99503",Anchorage,AK,99503,61.199,-149.91153,2,$2500.0,13 days ago,https://www.zillow.com/homedetails/2315-Culver-Pl-Anchorage-AK-99503/1576_zpid/
"Townhouse for rent - 460 Dailey Ave #C7, Anchorage, AK 99515",Anchorage,AK,99515,61.11034,-149.87299,2,$2250.0,14 days ago,https://www.zillow.com/homedetails/460-Dailey-Ave-C7-Anchorage-AK-99515/2068011700_zpid/
"House for rent - 660 Kilo Ct, Fairbanks, AK 99712",Fairbanks,AK,99712,64.83869,-147.54866,3,$1800.0,20 days ago,https://www.zillow.com/homedetails/660-Kilo-Ct-Fairbanks-AK-99712/219808150_zpid/
"Apartment for rent - 4301 Garfield St APT C, Anchorage, AK 99503",Anchorage,AK,99503,61.181686,-149.9083,1,$1150.0,13 days ago,https://www.zillow.com/homedetails/4301-Garfield-St-APT-C-Anchorage-AK-99503/2060158153_zpid/
"House for rent - 59565 E End Rd, Homer, AK 99603",Homer,AK,99603,59.673504,-151.42715,0,$1300.0,37 days ago,https://www.zillow.com/homedetails/59565-E-End-Rd-Homer-AK-99603/304812922_zpid/
"Apartment for rent - 524 N Park St UNIT 2, Anchorage, AK 99508",Anchorage,AK,99508,61.22832,-149.80331,3,$1400.0,20 days ago,https://www.zillow.com/homedetails/524-N-Park-St-UNIT-2-Anchorage-AK-99508/2066689774_zpid/
"House for rent - 5789 N Tahoe Dr, Wasilla, AK 99654",Wasilla,AK,99654,61.64758,-149.26443,4,$3250.0,9 days ago,https://www.zillow.com/homedetails/5789-N-Tahoe-Dr-Wasilla-AK-99654/305398208_zpid/
"Apartment for rent - 1220 Glacier Ave APT 312, Juneau, AK 99801",Juneau,AK,99801,58.30366,-134.42325,3,$2500.0,33 days ago,https://www.zillow.com/homedetails/1220-Glacier-Ave-APT-312-Juneau-AK-99801/74504273_zpid/
"Townhouse for rent - 951 W 12th Ave, Anchorage, AK 99501",Anchorage,AK,99501,61.21095,-149.90141,2,$2600.0,17 days ago,https://www.zillow.com/homedetails/951-W-12th-Ave-Anchorage-AK-99501/571_zpid/
"Apartment for rent - 600 Noble St STE H, Fairbanks, AK 99701",Fairbanks,AK,99701,64.84145,-147.71513,1,$1500.0,77 days ago,https://www.zillow.com/homedetails/600-Noble-St-STE-H-Fairbanks-AK-99701/2082388898_zpid/
"Apartment for rent - 315 E 12th Ave #448, Anchorage, AK 99501",Anchorage,AK,99501,61.210808,-149.87889,1,$1600.0,15 days ago,https://www.zillow.com/homedetails/315-E-12th-Ave-448-Anchorage-AK-99501/2069734004_zpid/
"House for rent - 20544 Philadelphia Way, Eagle River, AK 99577",Eagle River,AK,99577,61.314537,-149.49878,5,$5900.0,31 days ago,https://www.zillow.com/homedetails/20544-Philadelphia-Way-Eagle-River-AK-99577/130225191_zpid/
"House for rent - 1536-4 Stacia St, Fairbanks, AK 99701",Fairbanks,AK,99701,64.835365,-147.71931,1,$1100.0,22 days ago,https://www.zillow.com/homedetails/1536-4-Stacia-St-Fairbanks-AK-99701/2060293480_zpid/
"Apartment for rent - 5350 Lake Otis Pkwy #1, Anchorage, AK 99507",Anchorage,AK,99507,61.172264,-149.83919,2,$1445.0,20 days ago,https://www.zillow.com/homedetails/5350-Lake-Otis-Pkwy-1-Anchorage-AK-99507/2060249176_zpid/
"Townhouse for rent - 36163 Pine St #1, Soldotna, AK 99669",Soldotna,AK,99669,60.50418,-150.98276,2,$1450.0,10 days ago,https://www.zillow.com/homedetails/36163-Pine-St-1-Soldotna-AK-99669/2060348263_zpid/
"Townhouse for rent - 6044 Kody Dr, Anchorage, AK 99504",Anchorage,AK,99504,61.181293,-149.7679,5,$3252.0,55 days ago,https://www.zillow.com/homedetails/6044-Kody-Dr-Anchorage-AK-99504/2125213934_zpid/
"For Rent - 2906 W 32nd Ave, Anchorage, AK",Anchorage,AK,99517,61.191475,-149.9381,1,"$1,300+",1 day ago,https://www.zillow.com/b/2906-w-32nd-ave-anchorage-ak-9VmFmh/
"House for rent - 3203 Jony Dan Ln, North Pole, AK 99705",North Pole,AK,99705,64.75654,-147.31885,3,$1500.0,18 days ago,https://www.zillow.com/homedetails/3203-Jony-Dan-Ln-North-Pole-AK-99705/74493992_zpid/
"Townhouse for rent - 460 Dailey Ave #C6, Anchorage, AK 99515",Anchorage,AK,99515,61.110344,-149.873,2,$2095.0,48 days ago,https://www.zillow.com/homedetails/460-Dailey-Ave-C6-Anchorage-AK-99515/2060694240_zpid/
"Apartment for rent - 1509 W 9th Ave #201, Anchorage, AK 99501",Anchorage,AK,99501,61.213856,-149.91278,2,$2950.0,3D Tour,https://www.zillow.com/homedetails/1509-W-9th-Ave-201-Anchorage-AK-99501/2060666365_zpid/
"Apartment for rent - 100 E Fireweed Ln #5, Anchorage, AK 99503",Anchorage,AK,99503,61.197784,-149.88258,1,$1295.0,43 days ago,https://www.zillow.com/homedetails/100-E-Fireweed-Ln-5-Anchorage-AK-99503/2079197788_zpid/
"Apartment for rent - 5300 Lake Otis Pkwy #7, Anchorage, AK 99507",Anchorage,AK,99507,61.172462,-149.83855,2,$1545.0,48 days ago,https://www.zillow.com/homedetails/5300-Lake-Otis-Pkwy-7-Anchorage-AK-99507/2079984870_zpid/
"Apartment for rent - 17046 Easy St, Eagle River, AK 99577",Eagle River,AK,99577,61.326862,-149.56375,1,$1300.0,8 days ago,https://www.zillow.com/homedetails/17046-Easy-St-Eagle-River-AK-99577/2085569256_zpid/
"Townhouse for rent - 2710 Natalie Ave #A, North Pole, AK 99705",North Pole,AK,99705,64.78652,-147.37093,3,$2250.0,72 days ago,https://www.zillow.com/homedetails/2710-Natalie-Ave-A-North-Pole-AK-99705/2085338054_zpid/
"Townhouse for rent - 7308 Chugach Meadows Loop, Anchorage, AK 99507",Anchorage,AK,99507,61.1541,-149.85214,2,$2300.0,20 days ago,https://www.zillow.com/homedetails/7308-Chugach-Meadows-Loop-Anchorage-AK-99507/2126978493_zpid/
"Apartment for rent - 1303 20th Ave #2, Fairbanks, AK 99701",Fairbanks,AK,99701,64.829056,-147.73466,2,$2000.0,20 days ago,https://www.zillow.com/homedetails/1303-20th-Ave-2-Fairbanks-AK-99701/2063331933_zpid/
"Apartment for rent - 402 W Cottonwood Ave #4, Palmer, AK 99645",Palmer,AK,99645,61.603024,-149.12007,1,$1000.0,34 days ago,https://www.zillow.com/homedetails/402-W-Cottonwood-Ave-4-Palmer-AK-99645/2060739650_zpid/
"House for rent - 2370 Canary Ct, Anchorage, AK 99515",Anchorage,AK,99515,61.136993,-149.92465,3,$3600.0,32 days ago,https://www.zillow.com/homedetails/2370-Canary-Ct-Anchorage-AK-99515/35379_zpid/
"House for rent - 2617 Frigate Cir, Anchorage, AK 99515",Anchorage,AK,99515,61.125416,-149.92911,3,$6750.0,84 days ago,https://www.zillow.com/homedetails/2617-Frigate-Cir-Anchorage-AK-99515/68023128_zpid/
"Apartment for rent - 5326 Lionheart Dr APT 7, Anchorage, AK 99508",Anchorage,AK,99508,61.22021,-149.78186,2,$1445.0,39 days ago,https://www.zillow.com/homedetails/5326-Lionheart-Dr-APT-7-Anchorage-AK-99508/2092123350_zpid/
"Apartment for rent - 4000 N Barbara St UNIT B, Wasilla, AK 99654",Wasilla,AK,99654,61.62589,-149.27975,2,$1700.0,35 days ago,https://www.zillow.com/homedetails/4000-N-Barbara-St-UNIT-B-Wasilla-AK-99654/2078349957_zpid/
"House for rent - 21619 Bear View Pl, Chugiak, AK 99567",Chugiak,AK,99567,61.41571,-149.4392,3,$2400.0,17 days ago,https://www.zillow.com/homedetails/21619-Bear-View-Pl-Chugiak-AK-99567/60248_zpid/
"Apartment for rent - (undisclosed Address), Anchorage, AK 99504",Anchorage,AK,99504,,,1,$2950.0,11 days ago,https://www.zillow.com/homedetails/Anchorage-AK-99504/2067699212_zpid/
"Townhouse for rent - 1591 Elcadore Dr #C, Anchorage, AK 99507",Anchorage,AK,99507,61.123917,-149.85452,3,$2000.0,16 days ago,https://www.zillow.com/homedetails/1591-Elcadore-Dr-C-Anchorage-AK-99507/2060194053_zpid/
"Apartment for rent - 2004 W 46th Ave #A, Anchorage, AK 99517",Anchorage,AK,99517,61.17875,-149.9203,3,$2800.0,116 days ago,https://www.zillow.com/homedetails/2004-W-46th-Ave-A-Anchorage-AK-99517/2123491108_zpid/
"Townhouse for rent - 6810 Gold Kings Cir UNIT C, Anchorage, AK 99504",Anchorage,AK,99504,61.22336,-149.75392,3,$2195.0,48 days ago,https://www.zillow.com/homedetails/6810-Gold-Kings-Cir-UNIT-C-Anchorage-AK-99504/2088743902_zpid/
"House for rent - 3026 Riverview Dr, Fairbanks, AK 99709",Fairbanks,AK,99709,64.84385,-147.79015,3,$3200.0,1 day ago,https://www.zillow.com/homedetails/3026-Riverview-Dr-Fairbanks-AK-99709/74501056_zpid/
"House for rent - 161 Willow View Cir #161, Anchorage, AK 99504",Anchorage,AK,99504,61.222977,-149.76405,3,$1995.0,1 day ago,https://www.zillow.com/homedetails/161-Willow-View-Cir-161-Anchorage-AK-99504/2079139116_zpid/
"House for rent - 8570 W Bunting St, Wasilla, AK 99623",Wasilla,AK,99623,61.511772,-149.66594,3,$2450.0,9 hours ago,https://www.zillow.com/homedetails/8570-W-Bunting-St-Wasilla-AK-99623/2068390124_zpid/
"Townhouse for rent - 715 Top Rail Ln #B4, Anchorage, AK 99501",Anchorage,AK,99501,61.221798,-149.88705,2,$3300.0,14 hours ago,https://www.zillow.com/homedetails/715-Top-Rail-Ln-B4-Anchorage-AK-99501/333768018_zpid/
"Apartment for rent - 2020 Muldoon Rd UNIT 350, Anchorage, AK 99504",Anchorage,AK,99504,61.20159,-149.7361,3,$2350.0,14 hours ago,https://www.zillow.com/homedetails/2020-Muldoon-Rd-UNIT-350-Anchorage-AK-99504/2060767683_zpid/
"Apartment for rent - 2001 Spenard Rd #1, Anchorage, AK 99503",Anchorage,AK,99503,61.202362,-149.90778,3,$2500.0,3 hours ago,https://www.zillow.com/homedetails/2001-Spenard-Rd-1-Anchorage-AK-99503/2062282255_zpid/
"Apartment for rent - 1445 Lacey St UNIT B, Fairbanks, AK 99701",Fairbanks,AK,99701,64.83469,-147.71497,1,$1250.0,11 days ago,https://www.zillow.com/homedetails/1445-Lacey-St-UNIT-B-Fairbanks-AK-99701/2059281865_zpid/
"House for rent - 634 E 74th Ave, Anchorage, AK 99518",Anchorage,AK,99518,61.153477,-149.87144,4,$2600.0,9 days ago,https://www.zillow.com/homedetails/634-E-74th-Ave-Anchorage-AK-99518/37760_zpid/
"Condo for rent - 224 Farewell Ave #2, Fairbanks, AK 99701",Fairbanks,AK,99701,64.84496,-147.6827,1,$1400.0,32 days ago,https://www.zillow.com/homedetails/224-Farewell-Ave-2-Fairbanks-AK-99701/2077899102_zpid/
"House for rent - 8035 Marsha Loop, Anchorage, AK 99507",Anchorage,AK,99507,61.14745,-149.83134,3,$2200.0,6 days ago,https://www.zillow.com/homedetails/8035-Marsha-Loop-Anchorage-AK-99507/2117582282_zpid/
"House for rent - 2422 Nugget Loop, Fairbanks, AK 99709",Fairbanks,AK,99709,64.92162,-147.89023,3,$2000.0,41 days ago,https://www.zillow.com/homedetails/2422-Nugget-Loop-Fairbanks-AK-99709/74485930_zpid/
"House for rent - 1424 28th Ave, Fairbanks, AK 99701",Fairbanks,AK,99701,64.821815,-147.7385,3,$2000.0,14 days ago,https://www.zillow.com/homedetails/1424-28th-Ave-Fairbanks-AK-99701/219807806_zpid/
"House for rent - 14741 Terrace Ln, Eagle River, AK 99577",Eagle River,AK,99577,61.35375,-149.55177,2,$1350.0,112 days ago,https://www.zillow.com/homedetails/14741-Terrace-Ln-Eagle-River-AK-99577/61742_zpid/
"Townhouse for rent - 2975 E Palmdale Dr APT 4, Wasilla, AK 99654",Wasilla,AK,99654,61.59421,-149.37538,3,$2295.0,8 days ago,https://www.zillow.com/homedetails/2975-E-Palmdale-Dr-APT-4-Wasilla-AK-99654/2093939608_zpid/
"Jewel Lake Villa - 8980 Blackberry St, Anchorage, AK",Anchorage,AK,99502,61.13957,-149.94469,2/3,"$945+/$1,260+",,https://www.zillow.com/b/jewel-lake-villa-anchorage-ak-5Xm8dj/
