street_address,city,state,zipCode,latitude,longitude,beds,sale_price,listed_date,property_link
1160 Mission St UNIT 911,San Francisco,CA,94103,37.778683,-122.41246,1,$336107.0,3D Tour,https://www.zillow.com/homedetails/1160-Mission-St-UNIT-911-San-Francisco-CA-94103/83153129_zpid/
1201 Sutter St #203,San Francisco,CA,94109,37.787464,-122.420296,1,$499000.0,5 days on Zillow,https://www.zillow.com/homedetails/1201-Sutter-St-203-San-Francisco-CA-94109/2059130909_zpid/
3258 Market St APT 3,San Francisco,CA,94114,37.758743,-122.44512,1,$425000.0,3D Tour,https://www.zillow.com/homedetails/3258-Market-St-APT-3-San-Francisco-CA-94114/241586164_zpid/
246 Athens St,San Francisco,CA,94112,37.724125,-122.426895,1,$739500.0,5 days on Zillow,https://www.zillow.com/homedetails/246-Athens-St-San-Francisco-CA-94112/15169151_zpid/
1332 Guerrero St,San Francisco,CA,94110,37.749752,-122.42302,2,$699000.0,Video Walkthrough,https://www.zillow.com/homedetails/1332-Guerrero-St-San-Francisco-CA-94110/2078936436_zpid/
588 Minna St #505,San Francisco,CA,94103,37.779068,-122.41033,1,$450000.0,Open: Wed. 11:30am-1pm,https://www.zillow.com/homedetails/588-Minna-St-505-San-Francisco-CA-94103/337887929_zpid/
175 Bluxome St UNIT 208,San Francisco,CA,94107,37.774647,-122.399445,2,$799000.0,3D Tour,https://www.zillow.com/homedetails/175-Bluxome-St-UNIT-208-San-Francisco-CA-94107/80752751_zpid/
1153 Alabama St,San Francisco,CA,94110,,,2,$819000.0,Open: Sun. 2-4pm,https://www.zillow.com/homedetails/1153-Alabama-St-San-Francisco-CA-94110/2059133746_zpid/
609-611 Naples St,San Francisco,CA,94112,37.718983,-122.43243,2,$759000.0,25 days on Zillow,https://www.zillow.com/homedetails/609-611-Naples-St-San-Francisco-CA-94112/331633850_zpid/
1300 22nd St APT 304,San Francisco,CA,94107,37.75796,-122.39457,1,$395945.0,Open: Wed. 5-7pm,https://www.zillow.com/homedetails/1300-22nd-St-APT-304-San-Francisco-CA-94107/249664760_zpid/
4800 3rd St UNIT 401,San Francisco,CA,94124,37.734745,-122.39108,1,$194105.0,71 days on Zillow,https://www.zillow.com/homedetails/4800-3rd-St-UNIT-401-San-Francisco-CA-94124/114316380_zpid/
1006 Noe St #1,San Francisco,CA,94114,37.75281,-122.43232,1,$699000.0,4 days on Zillow,https://www.zillow.com/homedetails/1006-Noe-St-1-San-Francisco-CA-94114/82785853_zpid/
3216 26th St,San Francisco,CA,94110,37.749447,-122.41419,3,$649000.0,33 days on Zillow,https://www.zillow.com/homedetails/3216-26th-St-San-Francisco-CA-94110/2064101708_zpid/
1600 Webster St APT 205,San Francisco,CA,94115,37.78568,-122.43095,1,$388498.0,3D Tour,https://www.zillow.com/homedetails/1600-Webster-St-APT-205-San-Francisco-CA-94115/64971368_zpid/
1587 15th St APT 403,San Francisco,CA,94103,37.766487,-122.41949,2,$509950.0,7 hours ago,https://www.zillow.com/homedetails/1587-15th-St-APT-403-San-Francisco-CA-94103/89237988_zpid/
609 King St #TOWNHOUSE,San Francisco,CA,94107,37.77038,-122.40106,2,$461008.0,21 days on Zillow,https://www.zillow.com/homedetails/609-King-St-TOWNHOUSE-San-Francisco-CA-94107/2059752339_zpid/
1400 Mission St #1400,San Francisco,CA,94103,37.775284,-122.41649,2,$559000.0,23 days on Zillow,https://www.zillow.com/homedetails/1400-Mission-St-1400-San-Francisco-CA-94103/303806045_zpid/
1320 Vallejo St,San Francisco,CA,94109,37.79747,-122.41917,2,$730000.0,1 day on Zillow,https://www.zillow.com/homedetails/1320-Vallejo-St-San-Francisco-CA-94109/2089299874_zpid/
425 1st St UNIT 3304,San Francisco,CA,94105,37.7861,-122.39221,1,$825000.0,3D Tour,https://www.zillow.com/homedetails/425-1st-St-UNIT-3304-San-Francisco-CA-94105/83154386_zpid/
631 Ofarrell St APT 908,San Francisco,CA,94109,37.78524,-122.41512,1,$500000.0,5 days on Zillow,https://www.zillow.com/homedetails/631-Ofarrell-St-APT-908-San-Francisco-CA-94109/15069484_zpid/
451 Donahue St UNIT 506,San Francisco,CA,94124,37.729,-122.36964,2,$660000.0,18 days on Zillow,https://www.zillow.com/homedetails/451-Donahue-St-UNIT-506-San-Francisco-CA-94124/184818040_zpid/
1301 Fulton St APT 206,San Francisco,CA,94117,37.7767,-122.4384,1,$649000.0,4 days on Zillow,https://www.zillow.com/homedetails/1301-Fulton-St-APT-206-San-Francisco-CA-94117/15085638_zpid/
67 Prentiss St,San Francisco,CA,94110,37.741802,-122.41175,2,$850000.0,3D Tour,https://www.zillow.com/homedetails/67-Prentiss-St-San-Francisco-CA-94110/15161539_zpid/
586 Paris St,San Francisco,CA,94112,37.719604,-122.436844,3,$750000.0,16 hours ago,https://www.zillow.com/homedetails/586-Paris-St-San-Francisco-CA-94112/2059086899_zpid/
875 La Playa St APT 272,San Francisco,CA,94121,37.771698,-122.51031,1,$700000.0,Open: Sun. 2-4pm,https://www.zillow.com/homedetails/875-La-Playa-St-APT-272-San-Francisco-CA-94121/15100599_zpid/
1400 Mission St #1505,San Francisco,CA,94103,37.775284,-122.41649,2,$559000.0,23 days on Zillow,https://www.zillow.com/homedetails/1400-Mission-St-1505-San-Francisco-CA-94103/303742050_zpid/
8100 Oceanview Ter APT 309,San Francisco,CA,94132,37.71042,-122.467705,1,$450000.0,"$85,000 (Feb 2)",https://www.zillow.com/homedetails/8100-Oceanview-Ter-APT-309-San-Francisco-CA-94132/67394355_zpid/
95 Ora Way UNIT F211,San Francisco,CA,94131,37.74037,-122.437485,1,$299000.0,3D Tour,https://www.zillow.com/homedetails/95-Ora-Way-UNIT-F211-San-Francisco-CA-94131/2082949351_zpid/
50 Inca Ln APT 5,San Francisco,CA,94115,37.783405,-122.42844,3,$630000.0,43 days on Zillow,https://www.zillow.com/homedetails/50-Inca-Ln-APT-5-San-Francisco-CA-94115/64972186_zpid/
946 Stockton St APT 9C,San Francisco,CA,94108,37.794716,-122.4078,2,$710000.0,6 days on Zillow,https://www.zillow.com/homedetails/946-Stockton-St-APT-9C-San-Francisco-CA-94108/15067602_zpid/
262 3rd Ave #A,San Francisco,CA,94118,,,2,$825000.0,Open: Sat. 2-4pm,https://www.zillow.com/homedetails/262-3rd-Ave-A-San-Francisco-CA-94118/2059245879_zpid/
1534 Irving St APT 101,San Francisco,CA,94122,37.763924,-122.474556,2,$818000.0,Open: Sun. 2-3pm,https://www.zillow.com/homedetails/1534-Irving-St-APT-101-San-Francisco-CA-94122/15102068_zpid/
1580 Pacific Ave #403,San Francisco,CA,94109,,,1,$296814.0,22 days on Zillow,https://www.zillow.com/homedetails/1580-Pacific-Ave-403-San-Francisco-CA-94109/2059768186_zpid/
3620 Cesar Chavez #104,San Francisco,CA,94110,,,1,$699000.0,3D Tour,https://www.zillow.com/homedetails/3620-Cesar-Chavez-104-San-Francisco-CA-94110/2080750233_zpid/
410 Argonaut Ave,San Francisco,CA,94134,37.70937,-122.41549,4,$750000.0,14 days on Zillow,https://www.zillow.com/homedetails/410-Argonaut-Ave-San-Francisco-CA-94134/15176917_zpid/
3825 Scott St APT 304,San Francisco,CA,94123,37.805016,-122.44247,1,$725000.0,95 days on Zillow,https://www.zillow.com/homedetails/3825-Scott-St-APT-304-San-Francisco-CA-94123/15079578_zpid/
1030 Bush St APT 2,San Francisco,CA,94109,37.789692,-122.414314,1,$352880.0,161 days on Zillow,https://www.zillow.com/homedetails/1030-Bush-St-APT-2-San-Francisco-CA-94109/15069173_zpid/
2418 20th Ave APT 205,San Francisco,CA,94116,37.74268,-122.476395,2,$795000.0,3D Tour,https://www.zillow.com/homedetails/2418-20th-Ave-APT-205-San-Francisco-CA-94116/96049244_zpid/
301 Mission St APT 20H,San Francisco,CA,94105,37.790543,-122.39593,1,$658000.0,5 days on Zillow,https://www.zillow.com/homedetails/301-Mission-St-APT-20H-San-Francisco-CA-94105/111710959_zpid/
1725 Quesada Ave,San Francisco,CA,94124,37.73334,-122.39199,3,$765000.0,"$10,000 (Feb 17)",https://www.zillow.com/homedetails/1725-Quesada-Ave-San-Francisco-CA-94124/241586542_zpid/
2096 California St,San Francisco,CA,94109,37.789722,-122.42864,1,$839000.0,5 days on Zillow,https://www.zillow.com/homedetails/2096-California-St-San-Francisco-CA-94109/2066604974_zpid/
199 New Montgomery St UNIT 408,San Francisco,CA,94105,37.786606,-122.3991,1,$428263.0,225 days on Zillow,https://www.zillow.com/homedetails/199-New-Montgomery-St-UNIT-408-San-Francisco-CA-94105/80749414_zpid/
323 Head St,San Francisco,CA,94132,37.71297,-122.46466,2,$849000.0,14 days on Zillow,https://www.zillow.com/homedetails/323-Head-St-San-Francisco-CA-94132/15194958_zpid/
2942 22nd St,San Francisco,CA,94110,37.75581,-122.41318,2,$799000.0,8 days on Zillow,https://www.zillow.com/homedetails/2942-22nd-St-San-Francisco-CA-94110/2106625070_zpid/
988 Fulton St APT 316,San Francisco,CA,94117,37.777706,-122.43235,1,$595000.0,Open: Sun. 1-3pm,https://www.zillow.com/homedetails/988-Fulton-St-APT-316-San-Francisco-CA-94117/79846149_zpid/
370 Monterey Blvd APT 201,San Francisco,CA,94131,37.731842,-122.44339,1,$414159.0,3D Tour,https://www.zillow.com/homedetails/370-Monterey-Blvd-APT-201-San-Francisco-CA-94131/15138651_zpid/
1461 Broadway APT 305,San Francisco,CA,94109,37.795708,-122.421265,2,$849000.0,34 days on Zillow,https://www.zillow.com/homedetails/1461-Broadway-APT-305-San-Francisco-CA-94109/15072915_zpid/
611 Mason St APT 506,San Francisco,CA,94108,37.78927,-122.41049,2,$799000.0,12 days on Zillow,https://www.zillow.com/homedetails/611-Mason-St-APT-506-San-Francisco-CA-94108/2126280068_zpid/
143 Louisburg St,San Francisco,CA,94112,37.721,-122.449455,2,$824900.0,28 days on Zillow,https://www.zillow.com/homedetails/143-Louisburg-St-San-Francisco-CA-94112/15188869_zpid/
501 Crescent Way APT 5410,San Francisco,CA,94134,37.71226,-122.38856,2,$699000.0,32 days on Zillow,https://www.zillow.com/homedetails/501-Crescent-Way-APT-5410-San-Francisco-CA-94134/79843526_zpid/
"Loft Residences Plan, 1288 Howard",San Francisco,CA,94103,37.775436,-122.413025,1,$585000.0,4 days on Zillow,https://www.zillow.com/community/1288-howard/2061474430_zpid/
2110 A Pine St,San Francisco,CA,94115,37.788494,-122.43071,1,$799000.0,11 days on Zillow,https://www.zillow.com/homedetails/2110-A-Pine-St-San-Francisco-CA-94115/2067406034_zpid/
339 Paul Ave,San Francisco,CA,94124,37.722977,-122.39907,2,$688000.0,"$100,000 (Feb 11)",https://www.zillow.com/homedetails/339-Paul-Ave-San-Francisco-CA-94124/15159515_zpid/
2555 Leavenworth St APT 106,San Francisco,CA,94133,37.80469,-122.41871,1,$680000.0,25 days on Zillow,https://www.zillow.com/homedetails/2555-Leavenworth-St-APT-106-San-Francisco-CA-94133/15063565_zpid/
3981 Alemany Blvd APT 203,San Francisco,CA,94132,37.71046,-122.46915,1,$568000.0,4 days on Zillow,https://www.zillow.com/homedetails/3981-Alemany-Blvd-APT-203-San-Francisco-CA-94132/67395118_zpid/
1163-1169 Alabama St #1169A,San Francisco,CA,94110,,,2,$749000.0,12 days on Zillow,https://www.zillow.com/homedetails/1163-1169-Alabama-St-1169A-San-Francisco-CA-94110/2059304520_zpid/
719 Larkin St UNIT 502,San Francisco,CA,94109,37.784546,-122.418076,1,$377285.0,159 days on Zillow,https://www.zillow.com/homedetails/719-Larkin-St-UNIT-502-San-Francisco-CA-94109/325648151_zpid/
88 Guy Pl APT 302,San Francisco,CA,94105,37.78622,-122.394844,1,$675000.0,18 days on Zillow,https://www.zillow.com/homedetails/88-Guy-Pl-APT-302-San-Francisco-CA-94105/89239261_zpid/
601 Van Ness Ave APT 601,San Francisco,CA,94102,37.78168,-122.42091,1,$599000.0,6 days on Zillow,https://www.zillow.com/homedetails/601-Van-Ness-Ave-APT-601-San-Francisco-CA-94102/15077701_zpid/
246 2nd St APT 1304,San Francisco,CA,94105,37.785744,-122.3974,1,$790000.0,3 days on Zillow,https://www.zillow.com/homedetails/246-2nd-St-APT-1304-San-Francisco-CA-94105/53153526_zpid/
300 3rd St APT 305,San Francisco,CA,94107,37.783184,-122.39912,2,$868000.0,"$101,000 (Feb 14)",https://www.zillow.com/homedetails/300-3rd-St-APT-305-San-Francisco-CA-94107/15147671_zpid/
1370 17th Ave,San Francisco,CA,94122,37.76235,-122.47456,1,$800000.0,3D Tour,https://www.zillow.com/homedetails/1370-17th-Ave-San-Francisco-CA-94122/2061204997_zpid/
1 Crescent Way APT 1201,San Francisco,CA,94134,37.71084,-122.39018,2,$613706.0,"$20,000 (Dec 6)",https://www.zillow.com/homedetails/1-Crescent-Way-APT-1201-San-Francisco-CA-94134/64971680_zpid/
383 Haight St,San Francisco,CA,94102,37.772137,-122.42843,2,$665000.0,5 days on Zillow,https://www.zillow.com/homedetails/383-Haight-St-San-Francisco-CA-94102/2060513139_zpid/
690 Chestnut St APT 109,San Francisco,CA,94133,37.803837,-122.414566,1,$799000.0,Open: Thu. 4-6pm,https://www.zillow.com/homedetails/690-Chestnut-St-APT-109-San-Francisco-CA-94133/15063736_zpid/
588 Minna St #306,San Francisco,CA,94103,37.779068,-122.41033,1,$550000.0,Open: Wed. 11:30am-1pm,https://www.zillow.com/homedetails/588-Minna-St-306-San-Francisco-CA-94103/337887918_zpid/
1217 Florida St,San Francisco,CA,94110,37.752525,-122.409874,2,$692000.0,241 days on Zillow,https://www.zillow.com/homedetails/1217-Florida-St-San-Francisco-CA-94110/2132957157_zpid/
270 Valencia St APT 301,San Francisco,CA,94103,37.76852,-122.42259,2,$480000.0,Video Walkthrough,https://www.zillow.com/homedetails/270-Valencia-St-APT-301-San-Francisco-CA-94103/69819087_zpid/
3953 24th St APT 1,San Francisco,CA,94114,37.751247,-122.430786,1,$809000.0,30 days on Zillow,https://www.zillow.com/homedetails/3953-24th-St-APT-1-San-Francisco-CA-94114/82786445_zpid/
1 Daniel Burnham Ct APT 217,San Francisco,CA,94109,37.786755,-122.42249,1,$695000.0,12 days on Zillow,https://www.zillow.com/homedetails/1-Daniel-Burnham-Ct-APT-217-San-Francisco-CA-94109/15076521_zpid/
1629 Pierce St,San Francisco,CA,94115,37.78525,-122.43683,2,$825000.0,3D Tour,https://www.zillow.com/homedetails/1629-Pierce-St-San-Francisco-CA-94115/303806424_zpid/
1325 Divisadero St APT 301,San Francisco,CA,94115,37.7819,-122.439545,1,$580000.0,277 days on Zillow,https://www.zillow.com/homedetails/1325-Divisadero-St-APT-301-San-Francisco-CA-94115/15084001_zpid/
"111 Plan, 1288 Howard",San Francisco,CA,94103,37.775436,-122.413025,1,$585000.0,3 days on Zillow,https://www.zillow.com/community/1288-howard/2061474431_zpid/
241 14th St,San Francisco,CA,94103,37.76815,-122.41874,2,$698000.0,132 days on Zillow,https://www.zillow.com/homedetails/241-14th-St-San-Francisco-CA-94103/184818331_zpid/
66 Bishop St,San Francisco,CA,94134,37.71826,-122.40461,1,$799000.0,7 days on Zillow,https://www.zillow.com/homedetails/66-Bishop-St-San-Francisco-CA-94134/15172588_zpid/
512 Lisbon St,San Francisco,CA,94112,37.72011,-122.43538,1,$777777.0,"$11,111 (Dec 16)",https://www.zillow.com/homedetails/512-Lisbon-St-San-Francisco-CA-94112/15174579_zpid/
26 Hamilton St,San Francisco,CA,94134,37.73006,-122.41149,2,$725000.0,109 days on Zillow,https://www.zillow.com/homedetails/26-Hamilton-St-San-Francisco-CA-94134/15166871_zpid/
870 Harrison St UNIT 206,San Francisco,CA,94107,37.779743,-122.40136,1,$549000.0,"$49,000 (Feb 17)",https://www.zillow.com/homedetails/870-Harrison-St-UNIT-206-San-Francisco-CA-94107/2099872916_zpid/
3324-3330 19th St #3326A,San Francisco,CA,94110,,,3,$785000.0,12 days on Zillow,https://www.zillow.com/homedetails/3324-3330-19th-St-3326A-San-Francisco-CA-94110/2068527785_zpid/
1310 Fillmore St APT 710,San Francisco,CA,94115,37.78165,-122.4322,1,$749000.0,3D Tour,https://www.zillow.com/homedetails/1310-Fillmore-St-APT-710-San-Francisco-CA-94115/82785401_zpid/
145 Gardenside Dr #16,San Francisco,CA,94131,37.754333,-122.444984,1,$748000.0,20 days on Zillow,https://www.zillow.com/homedetails/145-Gardenside-Dr-16-San-Francisco-CA-94131/15132762_zpid/
400 Beale St APT 702,San Francisco,CA,94105,37.786903,-122.39092,1,$368800.0,3D Tour,https://www.zillow.com/homedetails/400-Beale-St-APT-702-San-Francisco-CA-94105/63197469_zpid/
451 Kansas St UNIT 416,San Francisco,CA,94107,37.764065,-122.403275,1,$420516.0,Open: Sun. 2-4pm,https://www.zillow.com/homedetails/451-Kansas-St-UNIT-416-San-Francisco-CA-94107/89240475_zpid/
1201 Sutter St #207,San Francisco,CA,94109,37.787464,-122.420296,1,$600000.0,32 days on Zillow,https://www.zillow.com/homedetails/1201-Sutter-St-207-San-Francisco-CA-94109/2059973406_zpid/
1318 Vallejo St,San Francisco,CA,94109,37.79747,-122.41917,1,$750000.0,Open: Sat. 12-4pm,https://www.zillow.com/homedetails/1318-Vallejo-St-San-Francisco-CA-94109/2060435368_zpid/
728 Alabama St APT 301,San Francisco,CA,94110,37.760025,-122.412025,1,$819000.0,3D Tour,https://www.zillow.com/homedetails/728-Alabama-St-APT-301-San-Francisco-CA-94110/80749055_zpid/
45 Galilee Ln APT 4,San Francisco,CA,94115,37.783405,-122.42844,2,$615000.0,43 days on Zillow,https://www.zillow.com/homedetails/45-Galilee-Ln-APT-4-San-Francisco-CA-94115/64972155_zpid/
358 Madrid St,San Francisco,CA,94112,37.723923,-122.431404,3,$795600.0,41 days on Zillow,https://www.zillow.com/homedetails/358-Madrid-St-San-Francisco-CA-94112/15169572_zpid/
851 Van Ness Ave UNIT 106,San Francisco,CA,94109,37.78352,-122.42136,2,$799000.0,3D Tour,https://www.zillow.com/homedetails/851-Van-Ness-Ave-UNIT-106-San-Francisco-CA-94109/61325055_zpid/
1075 Market St UNIT 206,San Francisco,CA,94103,37.780643,-122.41161,1,$338689.0,216 days on Zillow,https://www.zillow.com/homedetails/1075-Market-St-UNIT-206-San-Francisco-CA-94103/303806613_zpid/
27 Morrell St,San Francisco,CA,94109,37.79556,-122.419174,2,$799000.0,7 days on Zillow,https://www.zillow.com/homedetails/27-Morrell-St-San-Francisco-CA-94109/2059246534_zpid/
6509 Geary Blvd APT 204,San Francisco,CA,94121,37.77957,-122.48931,2,$825000.0,6 days on Zillow,https://www.zillow.com/homedetails/6509-Geary-Blvd-APT-204-San-Francisco-CA-94121/15093691_zpid/
1158 Sutter St UNIT 8,San Francisco,CA,94109,37.78811,-122.41967,2,$849000.0,Open: Thu. 5:30-7pm,https://www.zillow.com/homedetails/1158-Sutter-St-UNIT-8-San-Francisco-CA-94109/89238076_zpid/
37 Moss St,San Francisco,CA,94103,37.778027,-122.40807,2,$625000.0,75 days on Zillow,https://www.zillow.com/homedetails/37-Moss-St-San-Francisco-CA-94103/184752618_zpid/
219 Brannan St UNIT 1D,San Francisco,CA,94107,37.782646,-122.39039,1,$799000.0,3D Tour,https://www.zillow.com/homedetails/219-Brannan-St-UNIT-1D-San-Francisco-CA-94107/51174980_zpid/
99 Rausch St UNIT 215,San Francisco,CA,94103,37.77637,-122.409164,1,$399691.0,Video Walkthrough,https://www.zillow.com/homedetails/99-Rausch-St-UNIT-215-San-Francisco-CA-94103/325647422_zpid/
88 Arkansas St #412,San Francisco,CA,94107,37.765354,-122.39905,1,$649000.0,67 days on Zillow,https://www.zillow.com/homedetails/88-Arkansas-St-412-San-Francisco-CA-94107/2060370596_zpid/
735 Geary St APT 204,San Francisco,CA,94109,37.78616,-122.4154,1,$630000.0,29 days on Zillow,https://www.zillow.com/homedetails/735-Geary-St-APT-204-San-Francisco-CA-94109/2099206570_zpid/
601 Van Ness Ave APT 328,San Francisco,CA,94102,37.78168,-122.42091,1,$399000.0,12 days on Zillow,https://www.zillow.com/homedetails/601-Van-Ness-Ave-APT-328-San-Francisco-CA-94102/15077852_zpid/
888 7th St UNIT 112,San Francisco,CA,94107,37.77038,-122.40106,1,$363296.0,42 days on Zillow,https://www.zillow.com/homedetails/888-7th-St-UNIT-112-San-Francisco-CA-94107/89240188_zpid/
588 Minna St #705,San Francisco,CA,94103,37.779068,-122.41033,1,$520000.0,Open: Wed. 11:30am-1pm,https://www.zillow.com/homedetails/588-Minna-St-705-San-Francisco-CA-94103/337887939_zpid/
80 Ora Way UNIT G203,San Francisco,CA,94131,37.74059,-122.43795,1,$359818.0,50 days on Zillow,https://www.zillow.com/homedetails/80-Ora-Way-UNIT-G203-San-Francisco-CA-94131/2090436873_zpid/
356 12th St UNIT 102,San Francisco,CA,94103,37.770306,-122.41419,1,$795000.0,12 days on Zillow,https://www.zillow.com/homedetails/356-12th-St-UNIT-102-San-Francisco-CA-94103/80742586_zpid/
2415 Van Ness Ave APT 407,San Francisco,CA,94109,37.797886,-122.42424,1,$738000.0,32 days on Zillow,https://www.zillow.com/homedetails/2415-Van-Ness-Ave-APT-407-San-Francisco-CA-94109/15072097_zpid/
270 Valencia St APT 201,San Francisco,CA,94103,37.76852,-122.42259,2,$484995.0,116 days on Zillow,https://www.zillow.com/homedetails/270-Valencia-St-APT-201-San-Francisco-CA-94103/69819084_zpid/
338 Potrero Ave UNIT 310,San Francisco,CA,94103,37.76514,-122.407814,1,$432914.0,3D Tour,https://www.zillow.com/homedetails/338-Potrero-Ave-UNIT-310-San-Francisco-CA-94103/241586371_zpid/
1130 Brussels St,San Francisco,CA,94134,37.71814,-122.40219,2,$839888.0,3D Tour,https://www.zillow.com/homedetails/1130-Brussels-St-San-Francisco-CA-94134/15172807_zpid/
1200 Gough St UNIT 11D,San Francisco,CA,94109,37.78497,-122.4243,1,$775000.0,3D Tour,https://www.zillow.com/homedetails/1200-Gough-St-UNIT-11D-San-Francisco-CA-94109/15077047_zpid/
1148 Montgomery St #B,San Francisco,CA,94133,,,2,$849000.0,"$46,000 (Feb 17)",https://www.zillow.com/homedetails/1148-Montgomery-St-B-San-Francisco-CA-94133/2109885892_zpid/
38 Sharon St #A,San Francisco,CA,94114,37.765358,-122.430176,1,$765000.0,19 days on Zillow,https://www.zillow.com/homedetails/38-Sharon-St-A-San-Francisco-CA-94114/2061289286_zpid/
776 Tehama St UNIT 12,San Francisco,CA,94103,37.77502,-122.41246,1,$495000.0,8 days on Zillow,https://www.zillow.com/homedetails/776-Tehama-St-UNIT-12-San-Francisco-CA-94103/79841507_zpid/
145 Gardenside Dr APT 12,San Francisco,CA,94131,37.754333,-122.444984,1,$689000.0,"$10,000 (Feb 20)",https://www.zillow.com/homedetails/145-Gardenside-Dr-APT-12-San-Francisco-CA-94131/15132758_zpid/
301 Crescent Ct APT 3101,San Francisco,CA,94134,37.711178,-122.38807,1,$499000.0,3D Tour,https://www.zillow.com/homedetails/301-Crescent-Ct-APT-3101-San-Francisco-CA-94134/79844532_zpid/
118 Albion St,San Francisco,CA,94110,37.764473,-122.42308,2,$825000.0,34 days on Zillow,https://www.zillow.com/homedetails/118-Albion-St-San-Francisco-CA-94110/2059998816_zpid/
1578 Indiana St APT 4,San Francisco,CA,94107,37.750477,-122.390785,1,$795000.0,33 days on Zillow,https://www.zillow.com/homedetails/1578-Indiana-St-APT-4-San-Francisco-CA-94107/64969763_zpid/
85 Ora Way UNIT E107,San Francisco,CA,94131,37.740665,-122.43727,1,$323024.0,48 days on Zillow,https://www.zillow.com/homedetails/85-Ora-Way-UNIT-E107-San-Francisco-CA-94131/2117081945_zpid/
661 Lakeview Ave,San Francisco,CA,94112,37.71803,-122.45783,2,$825000.0,62 days on Zillow,https://www.zillow.com/homedetails/661-Lakeview-Ave-San-Francisco-CA-94112/15192198_zpid/
1 Hawthorne St UNIT 15B,San Francisco,CA,94105,37.785767,-122.39887,1,$630000.0,Open: Sun. 2-4pm,https://www.zillow.com/homedetails/1-Hawthorne-St-UNIT-15B-San-Francisco-CA-94105/122244916_zpid/
6 Mint Plz APT 502A,San Francisco,CA,94103,,,2,$699000.0,3D Tour,https://www.zillow.com/homedetails/6-Mint-Plz-APT-502A-San-Francisco-CA-94103/2069714699_zpid/
1 Hawthorne St UNIT 4F,San Francisco,CA,94105,37.785767,-122.39887,1,$589000.0,203 days on Zillow,https://www.zillow.com/homedetails/1-Hawthorne-St-UNIT-4F-San-Francisco-CA-94105/111711024_zpid/
10 Miller Pl APT 702,San Francisco,CA,94108,37.79323,-122.40891,1,$765000.0,"$30,000 (Jan 17)",https://www.zillow.com/homedetails/10-Miller-Pl-APT-702-San-Francisco-CA-94108/15068118_zpid/
1148 Montgomery St #C,San Francisco,CA,94133,,,1,$549000.0,"$50,000 (Feb 17)",https://www.zillow.com/homedetails/1148-Montgomery-St-C-San-Francisco-CA-94133/2103579840_zpid/
88 Townsend St APT 316,San Francisco,CA,94107,37.782238,-122.38952,1,$795000.0,39 days on Zillow,https://www.zillow.com/homedetails/88-Townsend-St-APT-316-San-Francisco-CA-94107/80755527_zpid/
601 Van Ness Ave APT 623,San Francisco,CA,94102,37.78168,-122.42091,1,$599000.0,151 days on Zillow,https://www.zillow.com/homedetails/601-Van-Ness-Ave-APT-623-San-Francisco-CA-94102/15077715_zpid/
3301-3311 Cesar Chavez St #3301,San Francisco,CA,94110,,,2,$835000.0,19 days on Zillow,https://www.zillow.com/homedetails/3301-3311-Cesar-Chavez-St-3301-San-Francisco-CA-94110/2059545860_zpid/
1000 N Point St APT 207,San Francisco,CA,94109,37.805508,-122.42416,1,$639000.0,57 days on Zillow,https://www.zillow.com/homedetails/1000-N-Point-St-APT-207-San-Francisco-CA-94109/80747091_zpid/
111 Chestnut St UNIT 206,San Francisco,CA,94111,37.80453,-122.40555,1,$848000.0,46 days on Zillow,https://www.zillow.com/homedetails/111-Chestnut-St-UNIT-206-San-Francisco-CA-94111/15064235_zpid/
601 Van Ness Ave APT 832,San Francisco,CA,94102,37.78168,-122.42091,1,$549000.0,"$26,000 (Dec 12)",https://www.zillow.com/homedetails/601-Van-Ness-Ave-APT-832-San-Francisco-CA-94102/15077840_zpid/
1377 Post St APT 203,San Francisco,CA,94109,37.785896,-122.424446,1,$729000.0,3D Tour,https://www.zillow.com/homedetails/1377-Post-St-APT-203-San-Francisco-CA-94109/15076734_zpid/
250 King St UNIT 812,San Francisco,CA,94107,37.77801,-122.39325,1,$735000.0,3D Tour,https://www.zillow.com/homedetails/250-King-St-UNIT-812-San-Francisco-CA-94107/80744611_zpid/
1177 California St APT 830,San Francisco,CA,94108,37.791027,-122.41365,1,$695000.0,140 days on Zillow,https://www.zillow.com/homedetails/1177-California-St-APT-830-San-Francisco-CA-94108/2124398936_zpid/
114 Albatross Ct,San Francisco,CA,94124,37.72825,-122.37212,3,$725000.0,63 days on Zillow,https://www.zillow.com/homedetails/114-Albatross-Ct-San-Francisco-CA-94124/2060352664_zpid/
965 Alvarado St APT 6,San Francisco,CA,94114,37.753,-122.441826,1,$747000.0,"$40,000 (Feb 10)",https://www.zillow.com/homedetails/965-Alvarado-St-APT-6-San-Francisco-CA-94114/2061080492_zpid/
140 S Van Ness Ave #1143,San Francisco,CA,94103,37.77139,-122.41832,1,$748000.0,"$24,000 (Jan 14)",https://www.zillow.com/homedetails/140-S-Van-Ness-Ave-1143-San-Francisco-CA-94103/64969921_zpid/
"Landing 2-304 Plan, The San Francisco Shipyard : Landing",San Francisco,CA,94124,37.7273,-122.3706,2,$719000.0,Open: Mon-Sun: By Appoi...,https://www.zillow.com/community/san-francisco-shipyard-landing/2064283196_zpid/
99 Rausch St UNIT 107,San Francisco,CA,94103,37.77637,-122.409164,1,$675000.0,161 days on Zillow,https://www.zillow.com/homedetails/99-Rausch-St-UNIT-107-San-Francisco-CA-94103/325647431_zpid/
355 1st St UNIT S205,San Francisco,CA,94105,37.786858,-122.39324,1,$675000.0,18 days on Zillow,https://www.zillow.com/homedetails/355-1st-St-UNIT-S205-San-Francisco-CA-94105/64972584_zpid/
4800 3rd St UNIT 402,San Francisco,CA,94124,37.734745,-122.39108,1,$380000.0,3D Tour,https://www.zillow.com/homedetails/4800-3rd-St-UNIT-402-San-Francisco-CA-94124/116156293_zpid/
260 King St UNIT 581,San Francisco,CA,94107,37.77725,-122.39376,1,$675000.0,25 days on Zillow,https://www.zillow.com/homedetails/260-King-St-UNIT-581-San-Francisco-CA-94107/69819830_zpid/
520 Natoma St APT 6,San Francisco,CA,94103,37.779884,-122.408325,1,$401000.0,"$9,000 (Feb 16)",https://www.zillow.com/homedetails/520-Natoma-St-APT-6-San-Francisco-CA-94103/2079203358_zpid/
1400 Mission St APT 707,San Francisco,CA,94103,37.775284,-122.41649,1,$362308.0,18 days on Zillow,https://www.zillow.com/homedetails/1400-Mission-St-APT-707-San-Francisco-CA-94103/241585135_zpid/
1788 Clay St APT 805,San Francisco,CA,94109,37.79257,-122.42225,1,$825000.0,"$25,000 (Feb 13)",https://www.zillow.com/homedetails/1788-Clay-St-APT-805-San-Francisco-CA-94109/124397823_zpid/
10 Innes Ct #304,San Francisco,CA,94124,37.72792,-122.36791,2,$719000.0,Open: Mon-Sun: By Appoi...,https://www.zillow.com/homedetails/10-Innes-Ct-304-San-Francisco-CA-94124/325647679_zpid/
175 Bluxome St UNIT 104,San Francisco,CA,94107,37.774647,-122.399445,1,$784000.0,3D Tour,https://www.zillow.com/homedetails/175-Bluxome-St-UNIT-104-San-Francisco-CA-94107/80746750_zpid/
1578 Indiana St APT 11,San Francisco,CA,94107,37.750477,-122.390785,1,$502166.0,3D Tour,https://www.zillow.com/homedetails/1578-Indiana-St-APT-11-San-Francisco-CA-94107/64969963_zpid/
1 Hawthorne St UNIT 7D,San Francisco,CA,94105,37.785767,-122.39887,1,$825000.0,6 days on Zillow,https://www.zillow.com/homedetails/1-Hawthorne-St-UNIT-7D-San-Francisco-CA-94105/111711043_zpid/
4800 3rd St UNIT 201,San Francisco,CA,94124,37.734745,-122.39108,1,$307140.0,200 days on Zillow,https://www.zillow.com/homedetails/4800-3rd-St-UNIT-201-San-Francisco-CA-94124/114316870_zpid/
946 Stockton St APT 18C,San Francisco,CA,94108,37.794716,-122.4078,2,$710000.0,3D Tour,https://www.zillow.com/homedetails/946-Stockton-St-APT-18C-San-Francisco-CA-94108/15067650_zpid/
5179 Diamond Heights Blvd APT 110,San Francisco,CA,94131,37.746204,-122.439926,1,$749000.0,24 days on Zillow,https://www.zillow.com/homedetails/5179-Diamond-Heights-Blvd-APT-110-San-Francisco-CA-94131/15199417_zpid/
1177 California St APT 409,San Francisco,CA,94108,37.791027,-122.41365,1,$848000.0,"$50,000 (Feb 21)",https://www.zillow.com/homedetails/1177-California-St-APT-409-San-Francisco-CA-94108/15068570_zpid/
1288 Howard St #603,San Francisco,CA,94103,,,1,$613000.0,54 days on Zillow,https://www.zillow.com/homedetails/1288-Howard-St-603-San-Francisco-CA-94103/2060295623_zpid/
333 1st St UNIT N1503,San Francisco,CA,94105,37.787125,-122.39396,1,$825000.0,39 days on Zillow,https://www.zillow.com/homedetails/333-1st-St-UNIT-N1503-San-Francisco-CA-94105/64972541_zpid/
11 Franklin St #202,San Francisco,CA,94102,37.77443,-122.42111,1,$675000.0,360 days on Zillow,https://www.zillow.com/homedetails/11-Franklin-St-202-San-Francisco-CA-94102/241585884_zpid/
588 Minna St #501,San Francisco,CA,94103,37.779068,-122.41033,2,$827000.0,Open: Wed. 11:30am-1pm,https://www.zillow.com/homedetails/588-Minna-St-501-San-Francisco-CA-94103/337887925_zpid/
1000 N Point St APT 203,San Francisco,CA,94109,37.805508,-122.42416,1,$649000.0,"$50,000 (Feb 17)",https://www.zillow.com/homedetails/1000-N-Point-St-APT-203-San-Francisco-CA-94109/80731741_zpid/
960 Market St #201,San Francisco,CA,94102,37.783176,-122.40957,1,$699000.0,Open: M: 10:00 AM-6:00 ...,https://www.zillow.com/homedetails/960-Market-St-201-San-Francisco-CA-94102/337887440_zpid/
2701 Van Ness Ave APT 401,San Francisco,CA,94109,37.80057,-122.42485,1,$852800.0,"$1,000 (Feb 10)",https://www.zillow.com/homedetails/2701-Van-Ness-Ave-APT-401-San-Francisco-CA-94109/15071039_zpid/
260 King St UNIT 1211,San Francisco,CA,94107,37.77725,-122.39376,1,$759000.0,"$20,000 (Dec 30)",https://www.zillow.com/homedetails/260-King-St-UNIT-1211-San-Francisco-CA-94107/69819667_zpid/
855 Folsom St APT 316,San Francisco,CA,94107,37.780766,-122.40214,1,$481899.0,$100 (Jan 26),https://www.zillow.com/homedetails/855-Folsom-St-APT-316-San-Francisco-CA-94107/80755018_zpid/
655 5th St APT 4,San Francisco,CA,94107,37.77593,-122.39753,1,$799000.0,Video Walkthrough,https://www.zillow.com/homedetails/655-5th-St-APT-4-San-Francisco-CA-94107/80750905_zpid/
2655 Bush St APT 108,San Francisco,CA,94115,37.78582,-122.440765,1,$859000.0,141 days on Zillow,https://www.zillow.com/homedetails/2655-Bush-St-APT-108-San-Francisco-CA-94115/241585952_zpid/
601 Van Ness Ave APT 430,San Francisco,CA,94102,37.78168,-122.42091,1,$540000.0,21 days on Zillow,https://www.zillow.com/homedetails/601-Van-Ness-Ave-APT-430-San-Francisco-CA-94102/15077954_zpid/
1370 11th Ave #2,San Francisco,CA,94122,,,1,$559000.0,35 days on Zillow,https://www.zillow.com/homedetails/1370-11th-Ave-2-San-Francisco-CA-94122/2060009042_zpid/
8300 Oceanview Ter APT 316,San Francisco,CA,94132,37.71042,-122.467705,1,$565000.0,Open: Sat. 2-4pm,https://www.zillow.com/homedetails/8300-Oceanview-Ter-APT-316-San-Francisco-CA-94132/67394784_zpid/
1157 Alabama St #1157,San Francisco,CA,94110,,,2,$789000.0,Open: Sun. 2-4pm,https://www.zillow.com/homedetails/1157-Alabama-St-1157-San-Francisco-CA-94110/2059998871_zpid/
246 2nd St APT 1301,San Francisco,CA,94105,37.785744,-122.3974,1,$759000.0,123 days on Zillow,https://www.zillow.com/homedetails/246-2nd-St-APT-1301-San-Francisco-CA-94105/53153523_zpid/
88 Arkansas St #205,San Francisco,CA,94107,,,1,$669000.0,33 days on Zillow,https://www.zillow.com/homedetails/88-Arkansas-St-205-San-Francisco-CA-94107/2059982264_zpid/
49 1/2 Joost Ave,San Francisco,CA,94131,,,3,$799000.0,137 days on Zillow,https://www.zillow.com/homedetails/49-1-2-Joost-Ave-San-Francisco-CA-94131/2061202295_zpid/
"Landing 1-203 Plan, The San Francisco Shipyard : Landing",San Francisco,CA,94124,37.7273,-122.3706,1,$549000.0,Open: Mon-Sun: By Appoi...,https://www.zillow.com/community/san-francisco-shipyard-landing/2064283176_zpid/
"Landing 1-108 Plan, The San Francisco Shipyard : Landing",San Francisco,CA,94124,37.7273,-122.3706,1,$599000.0,Open: Mon-Sun: By Appoi...,https://www.zillow.com/community/san-francisco-shipyard-landing/2064283184_zpid/
"Landing 1-304 Plan, The San Francisco Shipyard : Landing",San Francisco,CA,94124,37.7273,-122.3706,2,$699000.0,Open: Mon-Sun: By Appoi...,https://www.zillow.com/community/san-francisco-shipyard-landing/2064283198_zpid/
1400 Mission St APT 406,San Francisco,CA,94103,37.775284,-122.41649,1,$353130.0,"$10,000 (Nov 23)",https://www.zillow.com/homedetails/1400-Mission-St-APT-406-San-Francisco-CA-94103/241585099_zpid/
385 10th St APT 6,San Francisco,CA,94103,37.772038,-122.41146,1,$849000.0,75 days on Zillow,https://www.zillow.com/homedetails/385-10th-St-APT-6-San-Francisco-CA-94103/80735499_zpid/
1400 Mission St APT 710,San Francisco,CA,94103,37.775284,-122.41649,1,$363324.0,78 days on Zillow,https://www.zillow.com/homedetails/1400-Mission-St-APT-710-San-Francisco-CA-94103/241585138_zpid/
246 2nd St APT 1401,San Francisco,CA,94105,37.785744,-122.3974,1,$750000.0,26 days on Zillow,https://www.zillow.com/homedetails/246-2nd-St-APT-1401-San-Francisco-CA-94105/53153529_zpid/
426 A Carl St,San Francisco,CA,94117,,,2,$811000.0,21 days on Zillow,https://www.zillow.com/homedetails/426-A-Carl-St-San-Francisco-CA-94117/2059745659_zpid/
520 Natoma St APT 2,San Francisco,CA,94103,37.779884,-122.408325,1,$399000.0,Open: Sun. 3-4pm,https://www.zillow.com/homedetails/520-Natoma-St-APT-2-San-Francisco-CA-94103/2106116840_zpid/
"Landing 1-102 Plan, The San Francisco Shipyard : Landing",San Francisco,CA,94124,37.7273,-122.3706,2,$749000.0,Open: Mon-Sun: By Appoi...,https://www.zillow.com/community/san-francisco-shipyard-landing/2064283185_zpid/
"Landing 1-305 Plan, The San Francisco Shipyard : Landing",San Francisco,CA,94124,37.7273,-122.3706,2,$699000.0,Open: Mon-Sun: By Appoi...,https://www.zillow.com/community/san-francisco-shipyard-landing/2062757020_zpid/
187 Russ St,San Francisco,CA,94103,37.778065,-122.40684,2,$849000.0,139 days on Zillow,https://www.zillow.com/homedetails/187-Russ-St-San-Francisco-CA-94103/2113750874_zpid/
"Landing 2-403 Plan, The San Francisco Shipyard : Landing",San Francisco,CA,94124,37.7273,-122.3706,2,$749000.0,Open: Mon-Sun: By Appoi...,https://www.zillow.com/community/san-francisco-shipyard-landing/2064283195_zpid/
1288 Howard St #115,San Francisco,CA,94103,,,1,$585000.0,39 days on Zillow,https://www.zillow.com/homedetails/1288-Howard-St-115-San-Francisco-CA-94103/2060136552_zpid/
"Landing 2-305 Plan, The San Francisco Shipyard : Landing",San Francisco,CA,94124,37.7273,-122.3706,2,$719200.0,Open: Mon-Sun: By Appoi...,https://www.zillow.com/community/san-francisco-shipyard-landing/2064283192_zpid/
1177 California St APT 523,San Francisco,CA,94108,37.791027,-122.41365,1,$830000.0,36 days on Zillow,https://www.zillow.com/homedetails/1177-California-St-APT-523-San-Francisco-CA-94108/15068560_zpid/
"Monarch 4-311 Plan, The San Francisco Shipyard : Monarch",San Francisco,CA,94124,37.7271,-122.3678,2,$829000.0,Open: Mon-Sun: By Appoi...,https://www.zillow.com/community/san-francisco-shipyard-monarch/2059848712_zpid/
"Landing 2-204 Plan, The San Francisco Shipyard : Landing",San Francisco,CA,94124,37.7273,-122.3706,2,$699000.0,Open: Mon-Sun: By Appoi...,https://www.zillow.com/community/san-francisco-shipyard-landing/2064283178_zpid/
"Monarch 3-302 Plan, The San Francisco Shipyard : Monarch",San Francisco,CA,94124,37.7271,-122.3678,2,$849000.0,Open: Mon-Sun: By Appoi...,https://www.zillow.com/community/san-francisco-shipyard-monarch/2059848720_zpid/
"Landing 1-211 Plan, The San Francisco Shipyard : Landing",San Francisco,CA,94124,37.7273,-122.3706,1,$599000.0,Open: Mon-Sun: By Appoi...,https://www.zillow.com/community/san-francisco-shipyard-landing/2064283183_zpid/
"Monarch 4-312 Plan, The San Francisco Shipyard : Monarch",San Francisco,CA,94124,37.7271,-122.3678,2,$799000.0,Open: Mon-Sun: By Appoi...,https://www.zillow.com/community/san-francisco-shipyard-monarch/2059848718_zpid/
2177 3rd St #224,San Francisco,CA,94107,37.762268,-122.3883,1,$799000.0,211 days on Zillow,https://www.zillow.com/homedetails/2177-3rd-St-224-San-Francisco-CA-94107/335654392_zpid/
"Monarch 4-408 Plan, The San Francisco Shipyard : Monarch",San Francisco,CA,94124,37.7271,-122.3678,2,$859000.0,Open: Mon-Sun: By Appoi...,https://www.zillow.com/community/san-francisco-shipyard-monarch/2059848716_zpid/
51 Innes Ct UNIT 312,San Francisco,CA,94124,37.727055,-122.36772,2,$829000.0,Open: Mon-Sun: By Appoi...,https://www.zillow.com/homedetails/51-Innes-Ct-UNIT-312-San-Francisco-CA-94124/303807131_zpid/
10 Innes Ct #208,San Francisco,CA,94124,37.72792,-122.36791,1,$675000.0,100 days on Zillow,https://www.zillow.com/homedetails/10-Innes-Ct-208-San-Francisco-CA-94124/303807054_zpid/
